direct, domb, r0
4, 2, 1
2, 1, 2
2, 2, 2
1, 2, 2
1, 2, 1
1, 2, 0
2, 1, 2
2, 1, 1
2, 1, 2
1, 2, 2
1, 2, 0
2, 2, 2
2, 0, 2
2, 2, 2
0, 2, 1
2, 2, 1
2, 2, 2
2, 1, 1
2, 1, 2
1, 2, 2
1, 2, 1
2, 2, 2
1, 2, 1
1, 1, 1
2, 1, 1
2, 1, 2
1, 1, 2
1, 2, 1
2, 2, 2
2, 0, 2
2, 2, 2
1, 2, 1
2, 1, 1
2, 2, 2
2, 1, 2
0, 2, 2
2, 2, 1
2, 0, 2
2, 1, 2
2, 2, 1
1, 1, 2
2, 2, 1
1, 1, 1
2, 1, 2
1, 2, 2
0, 2, 0
2, 2, 1
2, 0, 2
1, 1, 1
2, 2, 2
1, 1, 2
1, 2, 0
2, 2, 2
2, 0, 2
2, 1, 2
1, 2, 1
1, 1, 1
2, 2, 1
2, 2, 1
1, 1, 2
2, 2, 1
1, 2, 1
2, 1, 2
2, 2, 2
0, 2, 1
2, 2, 1
2, 0, 2
1, 2, 2
1, 2, 2
2, 1, 1
2, 2, 1
2, 1, 1
2, 0, 2
1, 2, 2
0, 2, 0
2, 2, 1
2, 0, 2
2, 1, 2
1, 2, 1
1, 1, 1
2, 2, 1
1, 1, 1
2, 0, 2
1, 1, 2
0, 2, 1
2, 2, 1
2, 0, 2
1, 2, 2
1, 2, 2
2, 1, 1
2, 2, 2
1, 1, 1
2, 2, 2
1, 2, 2
1, 2, 0
2, 0, 2
2, 2, 2
0, 2, 1
2, 2, 1
2, 1, 2
2, 1, 2
2, 2, 2
1, 1, 2
0, 2, 1
1, 2, 0
2, 0, 2
0, 2, 0
2, 2, 0
2, 1, 2
2, 2, 2
0, 2, 0
2, 2, 1
2, 0, 2
2, 1, 2
0, 2, 1
1, 2, 1
2, 2, 1
1, 1, 2
2, 1, 2
2, 1, 2
0, 2, 2
1, 2, 0
2, 2, 2
2, 1, 2
1, 2, 1
1, 1, 2
2, 2, 1
1, 2, 0
2, 1, 2
2, 1, 2
0, 2, 1
1, 2, 1
2, 1, 1
1, 1, 2
2, 1, 2
2, 1, 2
1, 2, 2
2, 2, 0
2, 1, 2
2, 1, 2
1, 2, 1
2, 2, 2
1, 2, 0
2, 1, 1
2, 1, 2
1, 1, 1
2, 2, 2
1, 2, 2
1, 2, 0
2, 2, 1
2, 1, 2
1, 2, 1
1, 2, 2
2, 1, 1
1, 2, 2
2, 1, 2
2, 1, 2
0, 2, 2
0, 2, 0
2, 2, 1
2, 1, 2
1, 1, 1
1, 1, 2
1, 2, 1
1, 2, 0
2, 1, 2
2, 0, 2
1, 2, 1
1, 2, 2
7, 1, 2
1, 1, 0
2, 2, 2
2, 1, 1
0, 2, 2
1, 1, 2
1, 0, 0
1, 2, 1
2, 2, 2
1, 1, 1
1, 2, 2
1, 2, 1
0, 0, 1
2, 1, 1
2, 0, 0
1, 1, 1
2, 2, 2
1, 2, 1
0, 1, 1
1, 1, 1
2, 0, 0
1, 1, 1
2, 2, 2
2, 1, 1
0, 2, 2
1, 1, 2
0, 0, 0
1, 2, 1
2, 2, 1
1, 1, 1
2, 2, 2
1, 2, 1
0, 0, 1
2, 1, 1
2, 2, 0
1, 1, 9
1, 1, 1
1, 0, 0
1, 2, 1
2, 2, 2
1, 1, 1
1, 2, 2
1, 1, 1
0, 0, 1
2, 1, 1
2, 1, 0
1, 2, 2
1, 2, 2
0, 0, 1
2, 1, 1
2, 2, 0
1, 1, 1
2, 2, 2
1, 2, 1
0, 0, 1
2, 1, 1
2, 2, 0
1, 1, 1
2, 2, 2
1, 2, 1
0, 0, 1
2, 1, 1
2, 2, 0
1, 1, 1
1, 2, 2
1, 1, 1
0, 0, 2
2, 1, 1
2, 1, 0
1, 2, 2
2, 2, 2
0, 1, 1
0, 1, 2
1, 1, 2
1, 0, 0
2, 2, 1
2, 2, 1
0, 1, 1
1, 1, 2
1, 0, 1
1, 0, 1
2, 2, 1
2, 1, 1
1, 1, 2
1, 2, 2
2, 1, 1
1, 2, 2
2, 2, 2
1, 1, 1
0, 2, 2
1, 1, 2
1, 0, 0
2, 2, 1
2, 2, 1
1, 1, 1
1, 2, 2
1, 0, 1
1, 0, 0
2, 2, 1
2, 2, 1
1, 1, 2
1, 2, 2
1, 0, 1
0, 1, 1
2, 1, 1
1, 1, 0
2, 2, 2
1, 2, 1
0, 1, 1
1, 1, 2
2, 0, 0
1, 1, 1
2, 2, 2
1, 1, 1
0, 2, 2
1, 1, 2
1, 0, 0
2, 2, 1
2, 2, 1
0, 1, 1
1, 2, 2
1, 1, 1
1, 0, 1
2, 2, 1
2, 1, 1
1, 1, 2
1, 2, 2
1, 0, 1
0, 0, 1
2, 2, 1
1, 1, 1
1, 2, 2
1, 2, 1
0, 0, 1
2, 1, 1
2, 2, 0
1, 1, 0
2, 2, 2
1, 2, 1
0, 0, 1
2, 1, 1
2, 1, 0
1, 1, 1
2, 2, 2
1, 1, 1
0, 0, 2
2, 1, 1
2, 0, 0
1, 2, 2
2, 2, 1
0, 1, 1
1, 1, 2
1, 0, 0
1, 1, 0
2, 2, 1
2, 1, 1
1, 1, 2
1, 2, 2
1, 0, 1
1, 0, 1
2, 2, 1
2, 1, 1
1, 2, 2
1, 2, 2
0, 0, 1
2, 1, 1
2, 1, 0
1, 1, 2
2, 2, 2
1, 1, 1
0, 0, 2
1, 1, 1
2, 0, 0
1, 2, 1
2, 2, 2
0, 1, 1
0, 1, 2
2, 1, 0
1, 0, 0
2, 2, 2
1, 1, 1
0, 1, 2
1, 1, 2
2, 0, 0
1, 1, 1
2, 2, 2
2, 1, 1
0, 2, 2
1, 1, 1
1, 0, 0
1, 2, 1
2, 2, 2
1, 1, 1
1, 2, 2
1, 1, 1
1, 0, 1
2, 2, 1
2, 1, 1
1, 2, 2
1, 2, 2
0, 0, 1
1, 1, 6
1, 0, 1
1, 0, 1
2, 2, 1
2, 1, 0
1, 2, 2
2, 2, 2
0, 1, 1
1, 1, 2
2, 1, 0
1, 1, 0
2, 2, 2
1, 1, 1
0, 2, 2
1, 1, 2
2, 0, 0
1, 2, 2
2, 2, 2
0, 1, 1
1, 1, 2
1, 1, 0
1, 0, 0
2, 2, 2
2, 2, 1
0, 1, 2
1, 2, 2
0, 1, 1
1, 1, 2
2, 1, 0
1, 1, 0
2, 2, 2
2, 2, 1
0, 1, 1
1, 1, 2
2, 0, 0
1, 1, 1
2, 2, 2
1, 1, 1
0, 2, 2
1, 1, 2
1, 0, 0
1, 2, 1
2, 2, 1
0, 1, 1
0, 1, 2
1, 1, 1
1, 0, 0
2, 2, 2
1, 2, 1
0, 1, 1
1, 1, 2
2, 1, 0
1, 1, 0
2, 2, 2
1, 1, 1
0, 0, 2
2, 1, 1
2, 0, 0
1, 1, 2
2, 2, 2
1, 1, 1
0, 0, 2
1, 2, 2
1, 0, 1
0, 1, 1
2, 2, 0
1, 1, 1
2, 2, 2
1, 1, 1
0, 0, 1
2, 1, 1
2, 1, 0
1, 1, 1
2, 2, 2
1, 1, 1
0, 1, 2
2, 1, 1
1, 1, 0
2, 2, 2
1, 1, 1
0, 0, 2
2, 1, 1
2, 1, 0
1, 1, 2
2, 2, 2
1, 1, 1
0, 1, 2
1, 1, 1
1, 0, 0
1, 2, 1
2, 2, 2
0, 1, 1
0, 1, 2
1, 1, 1
1, 1, 0
2, 2, 1
2, 2, 1
0, 1, 1
1, 1, 2
1, 0, 0
1, 0, 1
2, 2, 2
2, 1, 1
0, 1, 2
1, 1, 2
1, 0, 0
1, 2, 1
2, 2, 2
0, 1, 1
0, 1, 2
1, 1, 0
1, 1, 0
2, 2, 2
2, 1, 1
0, 2, 2
1, 1, 2
0, 0, 0
2, 2, 1
2, 2, 1
1, 1, 1
1, 2, 2
1, 0, 1
1, 1, 1
2, 2, 1
1, 1, 1
1, 2, 2
1, 2, 2
0, 0, 1
2, 1, 1
2, 2, 0
1, 1, 1
2, 2, 2
1, 2, 1
0, 0, 1
2, 1, 1
2, 2, 0
1, 1, 2
1, 2, 2
1, 0, 1
0, 1, 1
2, 1, 1
1, 1, 1
0, 1, 2
1, 1, 1
1, 0, 0
2, 2, 2
2, 2, 1
0, 1, 1
1, 1, 2
1, 1, 1
1, 0, 1
2, 2, 1
2, 1, 1
1, 1, 2
1, 2, 2
1, 0, 1
0, 1, 1
2, 1, 1
1, 1, 0
1, 2, 2
1, 2, 2
0, 0, 1
2, 1, 1
2, 2, 0
1, 1, 1
2, 2, 2
2, 2, 1
0, 0, 1
2, 1, 1
2, 0, 0
1, 1, 2
2, 2, 2
1, 1, 1
0, 1, 2
1, 1, 2
2, 1, 0
1, 1, 1
2, 2, 2
2, 1, 1
0, 1, 1
1, 1, 2
2, 0, 0
1, 2, 1
2, 2, 2
1, 1, 1
0, 2, 2
1, 1, 2
0, 0, 1
2, 2, 1
2, 2, 1
1, 1, 1
1, 2, 2
1, 0, 1
1, 0, 0
2, 2, 1
2, 2, 1
0, 1, 1
1, 1, 2
1, 0, 0
1, 1, 0
2, 2, 2
2, 1, 1
0, 1, 1
1, 1, 2
1, 0, 0
1, 1, 0
2, 2, 1
2, 1, 2
2, 2, 2
2, 1, 1
0, 2, 2
1, 1, 2
0, 0, 0
1, 2, 1
2, 2, 1
1, 1, 1
0, 2, 2
1, 1, 2
0, 0, 1
2, 2, 1
2, 1, 1
1, 1, 2
1, 2, 2
1, 0, 1
0, 0, 1
2, 2, 1
2, 1, 1
1, 2, 2
1, 2, 2
1, 0, 1
0, 1, 2
2, 1, 1
1, 1, 0
1, 2, 2
1, 2, 2
0, 0, 1
1, 1, 1
2, 2, 1
1, 1, 0
2, 2, 2
1, 2, 1
0, 1, 1
1, 1, 2
2, 1, 0
1, 1, 1
2, 2, 2
2, 1, 1
0, 0, 2
2, 1, 1
2, 1, 0
1, 1, 2
2, 2, 2
1, 1, 1
0, 2, 2
1, 1, 2
2, 0, 0
2, 2, 1
2, 2, 1
1, 1, 1
1, 2, 2
1, 0, 0
1, 0, 1
2, 2, 1
2, 1, 1
0, 2, 2
1, 1, 2
1, 0, 1
1, 1, 1
2, 2, 1
1, 1, 1
2, 2, 2
1, 2, 1
0, 0, 2
2, 2, 1
2, 1, 0
1, 1, 1
2, 2, 2
1, 2, 1
0, 0, 1
2, 1, 1
2, 2, 0
1, 1, 1
1, 2, 2
1, 2, 1
0, 0, 0
2, 2, 1
2, 1, 1
1, 1, 2
1, 2, 2
1, 0, 1
1, 1, 1
2, 1, 1
1, 1, 0
1, 2, 2
2, 2, 2
1, 1, 1
0, 0, 2
2, 1, 1
1, 1, 0
2, 2, 2
1, 2, 1
0, 0, 1
2, 1, 1
2, 1, 0
1, 1, 1
2, 2, 2
1, 1, 1
0, 1, 2
1, 1, 2
2, 0, 0
1, 1, 1
2, 2, 2
2, 1, 1
0, 2, 2
1, 1, 2
1, 0, 0
2, 2, 1
2, 2, 1
0, 1, 2
1, 1, 2
1, 0, 0
1, 1, 0
2, 2, 2
2, 2, 1
0, 1, 1
1, 1, 2
2, 1, 0
1, 1, 0
2, 2, 2
1, 2, 1
0, 0, 1
2, 1, 1
2, 2, 0
1, 1, 1
2, 2, 2
1, 1, 1
0, 0, 2
2, 1, 1
2, 1, 0
1, 2, 1
2, 2, 2
1, 1, 1
0, 2, 2
1, 1, 2
0, 0, 0
2, 2, 1
2, 2, 1
1, 1, 1
1, 2, 2
1, 0, 1
1, 0, 1
2, 2, 1
2, 1, 1
1, 6, 1
1, 2, 2
2, 2, 2
0, 1, 1
1, 1, 2
1, 1, 0
1, 1, 0
2, 2, 2
2, 1, 1
0, 1, 2
1, 1, 2
1, 0, 0
1, 1, 1
2, 2, 2
1, 2, 1
0, 1, 2
1, 1, 2
2, 0, 0
1, 2, 1
2, 2, 2
2, 1, 1
0, 2, 2
1, 1, 2
1, 0, 0
1, 2, 1
2, 2, 2
1, 1, 1
1, 2, 2
1, 2, 1
0, 0, 1
2, 1, 1
2, 1, 0
1, 1, 2
2, 2, 2
1, 1, 1
0, 0, 2
2, 1, 1
2, 1, 0
1, 1, 2
2, 2, 2
0, 1, 1
0, 1, 2
2, 1, 0
1, 1, 0
2, 2, 2
1, 1, 1
0, 0, 1
1, 1, 1
2, 0, 0
1, 1, 2
2, 2, 2
1, 1, 1
0, 1, 2
1, 1, 1
2, 0, 0
1, 1, 1
2, 2, 2
1, 1, 1
0, 2, 2
1, 1, 2
2, 0, 0
1, 1, 1
2, 2, 2
2, 1, 1
0, 1, 2
1, 1, 2
2, 0, 0
1, 2, 1
2, 2, 2
2, 1, 1
0, 2, 2
1, 1, 2
0, 0, 0
2, 2, 1
2, 1, 1
1, 1, 1
2, 2, 2
1, 1, 1
0, 0, 2
2, 1, 1
2, 1, 0
1, 1, 2
2, 2, 2
1, 0, 1
0, 1, 1
2, 2, 0
1, 1, 1
27, 2, 2
1, 0, 0
0, 0, 0
0, 1, 2
2, 2, 2
2, 2, 1
1, 1, 1
0, 0, 0
1, 1, 1
1, 1, 1
1, 2, 1
1, 1, 1
1, 1, 1
2, 2, 2
1, 1, 1
0, 0, 0
0, 0, 0
1, 2, 2
2, 2, 2
1, 1, 1
1, 1, 0
0, 1, 1
1, 1, 1
1, 0, 0
1, 1, 1
1, 1, 1
2, 2, 2
2, 2, 1
1, 0, 0
0, 0, 0
0, 1, 1
2, 2, 2
2, 2, 2
2, 1, 1
0, 0, 0
0, 0, 1
1, 1, 2
2, 2, 1
1, 1, 1
1, 1, 1
2, 2, 2
1, 1, 1
1, 1, 0
0, 0, 0
1, 8, 1
2, 2, 2
2, 2, 2
2, 1, 1
1, 0, 0
0, 0, 0
1, 1, 1
1, 2, 1
1, 1, 1
1, 1, 1
2, 2, 2
2, 2, 2
1, 0, 0
0, 0, 0
0, 0, 2
2, 2, 2
2, 2, 1
1, 1, 1
1, 1, 1
1, 1, 1
1, 1, 0
0, 0, 0
1, 1, 1
2, 2, 2
2, 2, 2
1, 0, 0
0, 0, 0
0, 0, 1
2, 2, 2
2, 2, 2
1, 1, 1
1, 1, 1
0, 0, 1
1, 1, 1
1, 1, 1
0, 0, 1
1, 1, 1
1, 2, 2
2, 2, 2
2, 2, 1
0, 0, 0
0, 0, 0
1, 2, 2
2, 2, 2
1, 1, 1
1, 1, 1
1, 2, 2
1, 1, 1
1, 1, 0
0, 0, 0
1, 1, 1
2, 2, 2
2, 2, 2
2, 1, 1
0, 0, 0
0, 0, 0
1, 2, 2
2, 2, 2
1, 1, 1
1, 1, 1
1, 2, 2
1, 1, 1
1, 1, 0
0, 0, 0
1, 1, 1
2, 2, 2
2, 2, 2
1, 1, 1
0, 0, 0
0, 0, 1
1, 1, 2
2, 1, 1
1, 1, 1
1, 1, 2
2, 1, 1
1, 1, 0
0, 0, 0
1, 1, 1
2, 2, 2
2, 2, 2
2, 1, 1
1, 1, 1
0, 0, 1
1, 1, 1
1, 1, 0
1, 1, 1
1, 1, 1
1, 2, 2
2, 2, 2
1, 1, 0
0, 0, 0
0, 1, 1
1, 1, 2
2, 2, 2
2, 2, 1
0, 0, 0
0, 0, 0
1, 1, 2
2, 2, 2
2, 2, 1
1, 1, 1
1, 0, 0
1, 1, 1
1, 1, 1
0, 0, 0
1, 1, 1
1, 2, 2
2, 2, 2
2, 1, 0
0, 0, 0
0, 0, 0
2, 2, 2
2, 2, 2
1, 1, 1
1, 0, 0
0, 0, 0
1, 1, 1
2, 2, 1
1, 1, 1
1, 1, 1
2, 2, 2
1, 1, 1
1, 1, 0
0, 0, 0
1, 1, 1
2, 2, 2
2, 2, 2
2, 1, 1
1, 1, 1
0, 0, 1
1, 1, 1
1, 1, 0
0, 0, 0
1, 1, 1
2, 2, 2
2, 2, 2
1, 0, 0
0, 0, 0
1, 1, 2
2, 2, 2
2, 2, 2
1, 1, 1
1, 1, 1
0, 1, 1
1, 1, 1
1, 1, 1
0, 0, 0
1, 1, 1
1, 1, 2
2, 2, 2
1, 1, 1
0, 0, 0
0, 0, 0
1, 1, 2
2, 2, 2
2, 2, 1
1, 1, 1
0, 0, 0
1, 1, 1
1, 1, 1
1, 0, 1
1, 1, 1
1, 1, 1
2, 2, 2
2, 2, 2
2, 1, 1
1, 1, 1
0, 0, 1
0, 0, 0
0, 0, 0
0, 0, 0
1, 2, 2
1, 1, 1
1, 1, 1
1, 1, 1
1, 1, 1
1, 1, 1
2, 2, 2
2, 2, 2
2, 2, 1
1, 1, 1
1, 1, 1
2, 2, 2
1, 1, 1
1, 0, 0
0, 0, 0
1, 2, 2
2, 2, 2
2, 2, 2
2, 2, 1
0, 0, 0
0, 0, 0
2, 2, 2
2, 2, 2
2, 1, 1
1, 1, 1
0, 0, 1
1, 1, 1
1, 1, 0
0, 0, 1
1, 1, 1
2, 2, 2
2, 2, 2
2, 1, 1
0, 0, 0
0, 0, 1
2, 2, 2
2, 2, 1
1, 1, 1
1, 1, 1
2, 2, 2
1, 1, 1
1, 0, 0
0, 0, 0
1, 1, 2
2, 2, 2
2, 2, 1
1, 1, 1
0, 0, 0
0, 1, 1
1, 1, 2
2, 1, 1
1, 1, 1
1, 1, 1
2, 2, 2
2, 2, 1
0, 0, 0
0, 0, 0
1, 2, 2
2, 2, 2
2, 1, 1
1, 1, 1
0, 0, 0
1, 1, 1
1, 1, 1
2, 2, 1
1, 1, 1
1, 1, 1
1, 2, 2
1, 1, 1
1, 0, 0
0, 0, 0
1, 1, 2
2, 2, 2
2, 2, 2
0, 0, 0
0, 0, 0
1, 1, 2
2, 2, 2
2, 2, 1
1, 1, 1
1, 0, 2
2, 2, 2
1, 1, 1
0, 0, 0
0, 0, 0
1, 1, 2
2, 2, 2
2, 2, 1
0, 0, 0
0, 0, 0
1, 1, 2
2, 2, 2
2, 2, 1
0, 0, 0
0, 0, 0
1, 2, 2
2, 2, 2
2, 2, 1
1, 1, 1
0, 0, 0
1, 1, 1
1, 1, 1
2, 1, 1
1, 1, 1
1, 1, 2
2, 2, 2
2, 2, 1
0, 0, 0
0, 0, 0
1, 2, 2
2, 2, 2
2, 2, 1
0, 0, 0
0, 0, 0
2, 2, 2
2, 2, 2
1, 1, 1
1, 1, 1
0, 0, 0
1, 1, 1
1, 1, 1
0, 0, 0
1, 1, 1
1, 2, 2
2, 2, 2
1, 1, 1
0, 0, 0
0, 0, 0
2, 2, 2
2, 2, 2
1, 1, 1
1, 1, 1
1, 0, 1
1, 1, 1
1, 1, 0
0, 0, 0
1, 1, 1
2, 2, 2
2, 2, 2
1, 0, 0
0, 0, 0
0, 0, 1
2, 2, 2
2, 2, 2
1, 1, 0
0, 0, 0
0, 1, 1
1, 1, 1
2, 1, 1
1, 1, 1
1, 1, 1
2, 2, 2
1, 1, 1
1, 0, 0
0, 0, 0
1, 1, 2
1, 1, 1
1, 1, 1
0, 0, 1
1, 1, 1
1, 1, 2
2, 2, 2
2, 1, 1
1, 1, 0
0, 0, 0
12, 1, 1
1, 1, 1
1, 1, 1
1, 1, 1
2, 2, 2
2, 2, 2
1, 1, 1
1, 0, 0
0, 0, 0
0, 0, 0
1, 2, 2
2, 2, 2
2, 2, 2
2, 2, 1
1, 1, 1
1, 1, 1
0, 0, 1
1, 1, 1
1, 1, 2
2, 2, 1
1, 1, 1
1, 1, 1
1, 1, 1
2, 2, 2
2, 2, 2
2, 2, 0
1, 0, 0
0, 0, 0
0, 1, 1
1, 2, 2
2, 2, 2
2, 2, 1
1, 1, 1
1, 1, 1
1, 1, 1
1, 1, 1
2, 2, 2
1, 1, 1
1, 1, 1
1, 0, 0
0, 0, 0
1, 1, 1
1, 1, 1
2, 2, 2
2, 2, 2
2, 2, 2
2, 2, 0
1, 0, 0
0, 0, 0
1, 1, 1
2, 2, 2
2, 2, 2
2, 2, 2
2, 2, 1
1, 1, 1
2, 2, 1
0, 0, 0
0, 0, 0
1, 1, 1
1, 2, 2
2, 2, 2
2, 2, 2
2, 2, 1
1, 0, 0
0, 0, 0
1, 1, 1
1, 1, 1
1, 1, 1
1, 0, 0
1, 1, 1
1, 1, 1
2, 2, 2
2, 1, 1
1, 0, 0
0, 0, 0
0, 1, 2
2, 2, 2
2, 2, 2
1, 1, 1
0, 0, 0
0, 0, 1
1, 1, 1
2, 1, 1
1, 2, 2
2, 1, 1
1, 1, 1
1, 1, 1
0, 1, 0
1, 0, 1
1, 1, 1
1, 1, 1
1, 0, 0
0, 1, 1
1, 1, 1
2, 2, 2
2, 2, 2
2, 2, 2
0, 1, 0
0, 0, 0
0, 0, 0
2, 2, 2
2, 2, 2
2, 1, 1
1, 1, 1
0, 0, 0
0, 0, 1
1, 1, 1
2, 2, 2
1, 1, 1
1, 1, 1
1, 1, 1
1, 1, 1
1, 1, 1
1, 0, 0
0, 0, 0
1, 1, 1
2, 2, 2
2, 2, 2
2, 2, 1
1, 1, 1
1, 1, 1
1, 1, 1
1, 1, 1
1, 1, 1
1, 1, 1
1, 0, 0
0, 0, 0
1, 1, 1
2, 2, 2
1, 1, 1
1, 1, 0
0, 0, 0
0, 0, 0
1, 1, 2
2, 2, 2
2, 2, 2
2, 1, 1
2, 1, 1
0, 0, 0
0, 0, 1
1, 1, 1
2, 2, 2
1, 1, 1
1, 1, 1
1, 1, 1
2, 2, 2
1, 1, 1
1, 1, 0
0, 0, 0
1, 1, 1
2, 2, 2
2, 2, 2
2, 2, 1
2, 2, 1
1, 1, 1
1, 1, 1
1, 1, 1
1, 1, 1
1, 1, 1
1, 1, 0
0, 0, 0
1, 1, 1
1, 1, 2
2, 2, 2
2, 2, 1
1, 1, 0
0, 0, 0
0, 1, 1
1, 2, 2
2, 2, 2
2, 1, 1
1, 0, 0
0, 0, 0
1, 1, 1
2, 2, 2
2, 2, 2
2, 2, 1
1, 0, 0
0, 0, 0
0, 0, 1
1, 1, 1
2, 2, 2
1, 1, 1
1, 1, 1
1, 1, 2
2, 2, 2
2, 2, 2
1, 1, 0
0, 0, 0
0, 0, 0
2, 2, 2
2, 2, 2
2, 2, 1
1, 1, 1
0, 0, 0
0, 0, 1
2, 2, 2
2, 2, 1
1, 1, 1
1, 1, 1
1, 1, 2
2, 2, 2
2, 2, 2
2, 2, 1
1, 0, 1
0, 0, 0
0, 0, 1
2, 2, 2
2, 2, 2
2, 1, 1
1, 1, 1
1, 1, 1
1, 1, 1
2, 2, 1
1, 1, 1
1, 0, 1
1, 1, 2
0, 0, 0
0, 0, 0
1, 2, 2
1, 1, 1
1, 1, 0
1, 1, 1
1, 1, 1
1, 1, 1
1, 1, 2
1, 1, 1
1, 1, 1
1, 1, 1
1, 1, 1
2, 2, 2
2, 2, 2
2, 2, 0
0, 0, 0
1, 1, 1
2, 2, 2
1, 1, 1
1, 1, 0
0, 0, 0
1, 1, 1
1, 2, 2
2, 2, 2
2, 2, 1
1, 0, 0
0, 0, 0
0, 0, 0
1, 1, 1
2, 2, 2
2, 2, 2
2, 2, 1
1, 1, 1
1, 1, 1
0, 1, 1
1, 1, 1
1, 1, 1
0, 0, 0
0, 0, 0
0, 0, 0
2, 2, 2
2, 2, 2
2, 2, 1
1, 1, 1
1, 0, 0
0, 1, 1
1, 1, 1
1, 1, 1
1, 1, 1
1, 1, 1
1, 1, 1
2, 2, 2
1, 1, 1
1, 0, 0
0, 0, 0
0, 0, 1
1, 1, 2
2, 2, 2
1, 1, 1
1, 1, 1
1, 2, 2
1, 1, 1
1, 1, 0
0, 0, 0
1, 1, 1
2, 2, 2
2, 2, 2
2, 2, 2
1, 1, 1
0, 0, 0
0, 0, 1
1, 1, 1
2, 2, 1
1, 1, 1
1, 1, 1
1, 0, 1
1, 1, 1
1, 0, 0
0, 0, 0
1, 1, 1
2, 2, 2
2, 2, 2
2, 2, 1
1, 0, 0
0, 0, 0
1, 1, 1
1, 2, 2
2, 1, 1
1, 1, 1
8, 1, 1
2, 2, 2
2, 2, 2
1, 1, 0
0, 0, 0
1, 1, 0
1, 2, 2
2, 2, 2
2, 2, 1
0, 0, 0
0, 0, 0
0, 2, 2
2, 2, 2
2, 2, 1
1, 1, 1
0, 0, 0
1, 1, 1
1, 1, 1
1, 1, 0
1, 1, 1
1, 1, 1
1, 1, 2
2, 2, 2
2, 1, 1
0, 0, 0
0, 0, 0
1, 2, 2
2, 2, 2
2, 2, 1
1, 0, 0
0, 0, 0
1, 1, 1
2, 2, 2
2, 2, 1
1, 1, 1
1, 0, 0
1, 1, 1
2, 1, 1
1, 1, 1
2, 2, 2
2, 2, 2
2, 2, 2
2, 2, 1
1, 1, 1
1, 1, 1
1, 1, 1
1, 1, 2
2, 1, 1
2, 1, 1
1, 1, 1
1, 0, 0
0, 0, 0
0, 0, 0
1, 1, 2
2, 2, 2
2, 2, 2
2, 2, 2
2, 1, 1
1, 1, 1
1, 1, 1
1, 1, 1
1, 1, 1
2, 2, 2
2, 2, 2
2, 2, 2
2, 2, 2
2, 2, 1
1, 1, 1
0, 0, 0
1, 1, 1
1, 1, 1
2, 1, 38
2, 1, 0
1, 1, 2
1, 1, 1
0, 1, 1
1, 0, 0
0, 1, 2
1, 0, 0
1, 2, 1
0, 1, 1
1, 1, 2
0, 0, 0
0, 2, 2
0, 0, 1
1, 1, 1
1, 0, 1
1, 1, 1
0, 1, 1
2, 0, 0
1, 2, 2
0, 0, 0
1, 2, 1
0, 1, 1
0, 1, 1
1, 0, 0
2, 2, 0
0, 1, 2
1, 1, 1
1, 0, 1
2, 1, 1
0, 2, 2
2, 1, 0
1, 2, 2
0, 0, 0
2, 1, 0
1, 1, 2
1, 1, 1
0, 1, 1
1, 0, 0
2, 1, 1
1, 1, 1
1, 1, 0
1, 0, 1
2, 1, 1
0, 1, 2
1, 0, 0
1, 1, 1
1, 1, 0
1, 2, 1
0, 0, 1
2, 2, 10
1, 0, 0
1, 2, 1
0, 1, 1
0, 0, 1
2, 1, 0
0, 2, 2
2, 0, 0
0, 1, 2
1, 0, 1
1, 0, 1
2, 1, 1
1, 1, 1
0, 0, 1
2, 1, 0
1, 1, 2
1, 1, 1
0, 1, 1
2, 0, 0
1, 2, 2
1, 0, 1
1, 1, 1
1, 1, 0
1, 1, 2
1, 0, 0
1, 1, 1
1, 1, 0
0, 2, 2
0, 0, 1
1, 1, 0
0, 0, 1
1, 1, 1
1, 1, 0
2, 2, 1
0, 1, 2
1, 0, 1
0, 0, 1
0, 0, 0
2, 1, 0
3, 1, 1
0, 1, 1
1, 1, 2
0, 0, 0
1, 0, 0
1, 1, 1
1, 1, 0
1, 1, 1
0, 0, 1
0, 1, 1
1, 1, 1
0, 0, 1
1, 1, 1
1, 1, 1
2, 2, 1
0, 0, 2
1, 0, 1
0, 1, 1
2, 0, 0
1, 1, 1
1, 1, 1
1, 2, 1
0, 0, 2
1, 0, 0
0, 1, 1
1, 1, 0
2, 2, 1
0, 0, 2
1, 0, 0
0, 1, 1
1, 0, 0
2, 1, 0
1, 1, 0
1, 2, 0
0, 0, 1
2, 1, 1
1, 1, 1
1, 1, 0
0, 0, 1
1, 0, 0
1, 1, 1
0, 1, 1
1, 1, 1
1, 0, 1
2, 1, 0
0, 3, 1
2, 1, 1
1, 1, 2
0, 0, 0
2, 1, 0
2, 2, 1
0, 1, 1
1, 1, 1
0, 0, 1
2, 1, 0
1, 1, 1
2, 1, 1
0, 2, 2
0, 0, 0
1, 1, 0
0, 0, 2
2, 2, 1
0, 0, 2
1, 0, 1
0, 1, 1
1, 1, 0
1, 2, 1
0, 0, 2
1, 0, 1
0, 1, 1
1, 0, 0
2, 1, 0
1, 1, 0
2, 2, 1
0, 0, 2
1, 0, 1
0, 1, 1
1, 0, 0
2, 2, 1
1, 1, 1
0, 1, 2
0, 0, 0
1, 1, 0
0, 0, 1
2, 1, 0
1, 1, 2
1, 0, 1
1, 1, 1
0, 0, 0
2, 2, 0
1, 1, 2
1, 1, 1
0, 1, 2
1, 0, 0
0, 1, 1
1, 1, 0
1, 2, 2
1, 0, 1
1, 1, 1
1, 0, 0
2, 2, 0
1, 1, 2
1, 0, 1
3, 0, 0
0, 1, 1
1, 0, 0
2, 2, 0
1, 1, 2
1, 1, 1
0, 0, 2
1, 0, 0
1, 0, 1
2, 1, 1
1, 1, 1
0, 0, 0
1, 1, 0
1, 0, 1
1, 1, 1
1, 0, 0
2, 2, 0
0, 1, 2
2, 0, 0
1, 2, 1
1, 1, 1
1, 1, 1
0, 0, 1
1, 1, 0
1, 0, 1
2, 1, 1
0, 2, 2
0, 0, 1
1, 1, 0
1, 0, 1
3, 1, 2
1, 0, 0
1, 1, 1
2, 2, 2
0, 0, 1
1, 1, 2
0, 0, 0
2, 1, 0
1, 1, 1
1, 1, 1
0, 0, 1
1, 0, 0
1, 0, 1
1, 2, 1
0, 0, 1
1, 1, 1
0, 0, 1
2, 1, 1
1, 1, 1
1, 1, 1
0, 0, 1
1, 0, 0
1, 1, 1
1, 1, 0
1, 2, 1
0, 0, 2
1, 1, 0
0, 0, 1
2, 0, 0
1, 2, 1
1, 1, 1
1, 2, 1
0, 0, 1
1, 0, 0
1, 1, 1
1, 1, 0
2, 2, 1
0, 0, 2
1, 0, 1
0, 1, 1
1, 0, 0
2, 1, 0
1, 1, 1
1, 1, 1
0, 1, 2
0, 0, 0
1, 1, 0
1, 0, 1
2, 1, 0
1, 2, 2
0, 0, 1
1, 1, 1
0, 0, 1
1, 0, 0
1, 2, 1
2, 1, 1
1, 2, 1
0, 0, 2
1, 1, 0
0, 0, 1
2, 0, 0
1, 1, 1
1, 1, 1
1, 2, 1
0, 0, 1
1, 0, 0
0, 1, 1
1, 0, 0
2, 2, 0
0, 1, 1
1, 2, 1
0, 0, 2
1, 0, 0
1, 1, 1
1, 1, 0
2, 2, 1
0, 1, 2
1, 0, 1
0, 1, 1
0, 0, 0
2, 1, 0
1, 0, 1
2, 1, 0
1, 2, 2
0, 0, 1
1, 1, 1
0, 0, 1
2, 0, 0
1, 2, 1
1, 1, 1
1, 2, 1
0, 0, 2
1, 0, 0
0, 1, 1
1, 0, 0
2, 1, 0
1, 1, 1
2, 1, 1
0, 1, 2
0, 0, 1
1, 1, 0
0, 0, 1
2, 0, 0
1, 2, 1
1, 1, 1
1, 2, 1
0, 0, 2
1, 0, 0
0, 1, 1
1, 0, 0
2, 2, 0
1, 1, 2
1, 1, 1
0, 1, 2
0, 0, 0
1, 1, 0
1, 0, 0
2, 2, 0
0, 1, 2
1, 1, 1
1, 1, 0
0, 0, 1
2, 1, 0
1, 0, 1
2, 26, 0
0, 1, 1
0, 0, 0
1, 1, 0
1, 0, 1
2, 1, 0
0, 2, 2
0, 0, 1
1, 1, 0
0, 0, 1
2, 0, 0
1, 2, 1
1, 1, 1
1, 2, 1
0, 0, 2
1, 0, 0
0, 1, 1
1, 0, 0
2, 2, 0
1, 1, 2
1, 1, 1
0, 1, 2
1, 0, 0
0, 1, 1
1, 0, 0
2, 2, 0
1, 1, 2
1, 1, 1
0, 1, 2
0, 0, 0
1, 1, 0
1, 0, 1
2, 1, 0
1, 2, 2
0, 0, 1
1, 1, 1
0, 0, 1
1, 0, 0
1, 1, 1
1, 1, 0
2, 2, 1
0, 1, 2
1, 0, 1
0, 1, 1
0, 0, 0
2, 1, 0
1, 1, 1
2, 1, 1
0, 2, 2
0, 0, 1
1, 1, 0
0, 0, 1
2, 0, 0
1, 2, 1
1, 1, 1
1, 2, 1
0, 0, 1
1, 0, 0
1, 1, 1
1, 1, 0
2, 2, 1
0, 1, 2
1, 0, 1
1, 1, 0
1, 0, 1
2, 1, 0
1, 2, 2
1, 1, 1
1, 1, 1
0, 0, 0
1, 1, 0
1, 0, 1
2, 1, 0
1, 2, 2
0, 0, 1
1, 1, 1
0, 0, 1
2, 0, 0
1, 1, 1
1, 1, 1
1, 2, 1
0, 0, 2
1, 0, 0
0, 1, 1
1, 0, 0
2, 2, 0
1, 1, 2
1, 1, 1
0, 1, 2
0, 0, 0
1, 1, 0
1, 0, 1
2, 1, 0
1, 2, 2
0, 1, 1
1, 1, 1
0, 0, 1
1, 0, 0
1, 0, 1
2, 1, 0
2, 2, 2
0, 0, 1
1, 1, 1
0, 0, 1
1, 0, 0
1, 1, 1
1, 1, 1
1, 2, 1
0, 0, 2
1, 0, 0
0, 1, 1
1, 0, 0
2, 2, 0
1, 1, 2
1, 1, 1
0, 1, 2
0, 0, 0
1, 1, 0
1, 0, 1
2, 1, 0
1, 2, 2
0, 1, 1
1, 1, 1
0, 0, 1
2, 0, 0
1, 2, 1
1, 1, 1
1, 2, 1
0, 0, 2
1, 0, 0
0, 1, 1
1, 0, 0
0, 1, 2
1, 0, 7
2, 0, 0
1, 2, 1
1, 1, 1
1, 2, 1
0, 0, 1
1, 1, 0
1, 0, 1
2, 1, 0
1, 2, 2
0, 0, 1
1, 1, 1
0, 0, 1
1, 0, 0
2, 1, 1
1, 1, 2
1, 1, 1
0, 0, 2
1, 0, 0
1, 1, 0
1, 0, 0
2, 2, 0
0, 1, 2
1, 1, 1
0, 1, 1
0, 0, 0
1, 1, 0
1, 0, 1
2, 1, 0
1, 2, 2
0, 1, 1
1, 1, 1
0, 0, 1
1, 0, 0
1, 1, 1
1, 1, 0
2, 2, 1
0, 1, 2
1, 0, 1
0, 1, 1
1, 0, 0
2, 1, 0
1, 1, 1
1, 1, 1
0, 1, 2
0, 0, 0
1, 1, 0
0, 0, 1
2, 0, 0
1, 2, 1
0, 1, 1
1, 1, 2
0, 0, 0
1, 1, 0
0, 0, 1
2, 0, 0
1, 2, 1
1, 1, 1
1, 2, 1
0, 0, 1
1, 0, 0
1, 1, 1
1, 1, 0
2, 2, 1
0, 1, 2
1, 0, 1
0, 1, 1
1, 0, 0
2, 1, 0
1, 1, 1
1, 1, 1
0, 1, 2
0, 0, 0
1, 1, 0
1, 0, 1
2, 1, 0
1, 2, 2
0, 1, 1
1, 1, 1
0, 0, 1
1, 0, 0
0, 1, 1
1, 0, 0
2, 2, 0
1, 1, 2
1, 0, 1
0, 1, 2
1, 0, 0
1, 1, 1
1, 0, 0
2, 2, 0
1, 1, 2
1, 0, 1
1, 1, 2
0, 0, 0
1, 1, 0
1, 0, 1
2, 1, 0
1, 2, 2
0, 1, 1
1, 1, 1
0, 0, 1
1, 0, 0
1, 1, 1
1, 1, 0
1, 2, 1
0, 0, 2
1, 0, 0
0, 1, 1
1, 0, 0
2, 1, 0
1, 1, 1
1, 1, 1
0, 1, 2
0, 0, 0
1, 1, 0
1, 0, 1
2, 1, 0
1, 2, 1
0, 1, 1
1, 1, 1
0, 0, 1
1, 0, 0
0, 1, 1
1, 0, 0
2, 2, 0
1, 1, 2
1, 0, 1
0, 1, 2
0, 0, 0
2, 1, 0
1, 0, 1
2, 1, 0
1, 2, 2
0, 0, 1
1, 1, 1
0, 0, 1
1, 0, 0
1, 1, 1
1, 1, 0
2, 2, 1
0, 1, 2
1, 0, 1
0, 1, 1
0, 0, 0
2, 1, 0
1, 1, 1
2, 1, 1
0, 2, 2
0, 0, 1
1, 1, 1
0, 0, 1
2, 0, 0
1, 2, 1
1, 1, 1
1, 2, 1
0, 0, 2
1, 0, 0
0, 1, 1
1, 0, 0
2, 1, 0
1, 1, 1
1, 2, 1
0, 0, 2
1, 0, 1
0, 1, 1
1, 0, 0
5, 1, 0
1, 2, 2
0, 1, 1
1, 1, 0
0, 0, 1
2, 0, 0
1, 2, 1
1, 1, 1
1, 2, 1
0, 0, 2
1, 0, 0
0, 0, 1
1, 0, 0
2, 2, 0
1, 1, 2
1, 0, 1
0, 1, 2
0, 0, 0
1, 1, 0
1, 0, 0
2, 2, 0
1, 1, 2
1, 1, 1
0, 1, 1
0, 0, 0
1, 1, 0
1, 0, 1
2, 1, 0
1, 2, 2
0, 1, 1
1, 1, 1
0, 0, 1
1, 0, 0
1, 1, 1
1, 1, 0
1, 2, 1
0, 0, 2
1, 0, 1
0, 1, 1
0, 0, 0
2, 1, 0
1, 1, 1
2, 1, 1
0, 2, 2
0, 0, 1
1, 1, 0
0, 0, 1
1, 0, 0
1, 1, 1
1, 1, 0
1, 2, 1
0, 0, 2
1, 0, 1
0, 1, 1
1, 0, 0
2, 2, 0
1, 1, 2
1, 1, 1
0, 1, 2
0, 0, 0
2, 1, 0
1, 1, 1
2, 1, 1
0, 2, 2
0, 0, 1
1, 1, 0
0, 0, 1
2, 0, 0
1, 2, 1
1, 1, 1
1, 2, 1
0, 0, 1
1, 0, 0
1, 1, 1
1, 0, 0
2, 2, 0
1, 1, 2
1, 1, 1
0, 1, 2
1, 0, 0
1, 1, 0
1, 0, 1
2, 2, 0
1, 1, 2
1, 1, 1
1, 1, 1
0, 0, 1
2, 1, 0
1, 1, 1
1, 1, 1
1, 1, 1
0, 0, 1
1, 0, 0
0, 1, 1
1, 0, 0
2, 2, 0
1, 1, 2
1, 0, 1
0, 1, 1
0, 0, 0
1, 1, 0
1, 0, 1
2, 1, 0
0, 2, 2
0, 1, 1
1, 1, 1
0, 0, 0
2, 1, 0
1, 0, 1
2, 1, 0
0, 2, 2
0, 0, 1
1, 1, 1
0, 0, 1
2, 0, 0
1, 1, 1
1, 1, 1
0, 1, 2
0, 0, 1
1, 0, 0
0, 0, 1
2, 0, 0
2, 2, 0
1, 1, 2
1, 2, 1
0, 0, 2
1, 0, 0
1, 1, 0
1, 0, 0
2, 2, 0
1, 1, 2
1, 1, 1
0, 1, 1
0, 0, 0
1, 1, 0
1, 0, 1
2, 1, 0
1, 2, 2
0, 1, 1
1, 2, 1
0, 0, 2
1, 0, 0
0, 1, 1
1, 0, 0
2, 2, 0
1, 1, 2
1, 1, 1
0, 1, 2
0, 0, 0
1, 1, 0
1, 0, 1
2, 1, 0
1, 2, 1
0, 1, 1
1, 1, 1
0, 0, 1
1, 0, 0
1, 0, 1
1, 1, 0
1, 2, 2
0, 1, 1
1, 1, 1
0, 0, 1
2, 0, 0
1, 1, 1
1, 1, 1
1, 2, 1
0, 0, 2
1, 0, 0
0, 1, 0
0, 0, 1
2, 0, 0
1, 1, 1
1, 1, 1
1, 2, 1
0, 0, 2
1, 1, 0
0, 1, 1
1, 0, 0
2, 2, 0
1, 1, 2
1, 1, 1
0, 0, 2
1, 0, 0
0, 1, 1
1, 0, 0
2, 2, 0
1, 1, 2
1, 1, 1
1, 1, 2
0, 0, 0
2, 1, 0
1, 1, 1
2, 1, 1
0, 2, 2
0, 0, 1
1, 1, 0
0, 0, 1
2, 0, 0
1, 2, 1
1, 1, 1
1, 1, 1
0, 0, 1
1, 0, 0
0, 1, 1
1, 0, 0
2, 2, 0
0, 1, 2
1, 1, 1
0, 1, 2
0, 0, 0
1, 1, 0
1, 0, 1
2, 1, 0
1, 2, 2
0, 1, 1
9, 2, 1
0, 0, 1
1, 0, 0
1, 1, 1
1, 1, 0
1, 2, 1
0, 0, 2
1, 1, 1
0, 1, 1
1, 0, 0
2, 1, 0
1, 1, 1
1, 1, 1
0, 1, 2
0, 0, 0
2, 1, 1
1, 1, 1
0, 1, 2
0, 0, 0
1, 1, 0
1, 25, 1
1, 0, 1
1, 0, 1
1, 1, 0
2, 0, 0
1, 1, 1
1, 2, 0
0, 1, 0
0, 2, 2
1, 0, 1
0, 0, 2
0, 1, 1
2, 0, 0
1, 1, 1
2, 2, 0
0, 1, 0
0, 2, 0
1, 1, 0
0, 1, 2
0, 1, 1
1, 0, 1
0, 0, 2
2, 1, 0
1, 0, 1
1, 1, 0
2, 1, 0
0, 1, 1
0, 2, 0
0, 1, 1
0, 1, 2
1, 0, 1
0, 0, 1
1, 1, 0
2, 0, 0
1, 1, 1
0, 2, 0
1, 1, 0
0, 1, 2
1, 1, 1
1, 0, 1
0, 0, 1
2, 1, 0
1, 1, 0
0, 2, 1
1, 1, 1
0, 0, 2
0, 1, 0
2, 2, 0
1, 1, 0
0, 1, 1
1, 2, 1
0, 0, 1
0, 1, 2
1, 0, 1
1, 0, 1
1, 1, 0
2, 0, 0
1, 1, 1
1, 2, 0
0, 1, 0
0, 1, 2
1, 0, 1
0, 0, 1
0, 1, 1
2, 0, 0
1, 0, 1
1, 1, 0
1, 1, 0
0, 1, 1
1, 2, 1
1, 0, 1
0, 1, 2
1, 0, 1
1, 0, 1
1, 1, 0
2, 1, 0
0, 1, 1
0, 2, 0
0, 0, 1
0, 1, 1
1, 0, 1
0, 0, 2
2, 1, 0
2, 0, 0
1, 1, 1
2, 1, 0
0, 1, 1
0, 2, 0
1, 1, 1
0, 0, 2
1, 1, 1
0, 0, 1
0, 1, 1
2, 0, 0
1, 0, 1
1, 2, 0
1, 1, 0
0, 1, 1
0, 1, 1
1, 0, 1
0, 1, 2
1, 0, 0
1, 0, 1
1, 1, 0
2, 0, 0
1, 1, 1
0, 2, 0
0, 1, 0
1, 2, 1
1, 1, 1
0, 0, 1
0, 0, 1
2, 1, 0
2, 0, 0
1, 1, 1
0, 2, 0
1, 0, 1
0, 0, 2
1, 1, 0
2, 0, 0
1, 0, 1
0, 2, 0
1, 1, 0
0, 0, 2
0, 1, 1
2, 0, 0
1, 0, 1
1, 2, 0
1, 1, 0
0, 1, 1
0, 1, 2
1, 1, 1
0, 0, 0
1, 0, 1
2, 1, 0
1, 1, 0
0, 1, 1
0, 1, 1
1, 0, 1
0, 0, 1
1, 1, 0
2, 0, 0
1, 1, 1
0, 2, 0
1, 0, 1
0, 0, 2
0, 1, 1
2, 0, 0
1, 0, 1
1, 2, 0
1, 1, 0
0, 0, 2
0, 1, 2
1, 0, 0
1, 0, 0
1, 1, 1
2, 2, 0
0, 1, 0
0, 2, 1
1, 2, 0
1, 1, 0
0, 1, 1
0, 1, 2
1, 0, 1
1, 0, 0
1, 1, 1
2, 2, 0
0, 1, 0
0, 1, 2
1, 1, 1
1, 0, 1
1, 0, 1
1, 1, 0
2, 1, 0
0, 1, 1
0, 2, 0
1, 0, 1
0, 0, 2
0, 1, 0
2, 0, 0
1, 0, 1
0, 2, 1
1, 1, 0
0, 0, 1
0, 1, 2
1, 1, 1
2, 0, 0
1, 0, 1
1, 2, 0
1, 1, 0
0, 0, 2
0, 1, 1
2, 0, 0
1, 0, 1
1, 2, 0
1, 1, 0
0, 1, 1
0, 1, 2
1, 0, 1
0, 0, 0
1, 1, 1
2, 1, 0
0, 1, 0
0, 2, 1
1, 1, 1
1, 0, 1
0, 0, 1
2, 1, 0
2, 1, 0
0, 1, 1
0, 2, 0
1, 0, 1
0, 0, 2
0, 1, 0
2, 0, 0
1, 1, 1
0, 2, 1
1, 1, 0
0, 0, 1
0, 1, 2
1, 1, 0
2, 0, 0
1, 0, 1
2, 2, 0
0, 1, 0
0, 2, 1
1, 0, 1
0, 0, 2
0, 1, 1
1, 0, 0
1, 0, 1
2, 1, 0
1, 1, 0
0, 2, 1
1, 1, 0
0, 0, 2
0, 1, 1
1, 0, 1
0, 0, 1
2, 1, 0
1, 0, 0
1, 1, 1
1, 1, 0
0, 1, 1
0, 2, 0
1, 0, 1
0, 0, 2
0, 1, 1
0, 0, 0
1, 1, 1
2, 0, 0
1, 0, 1
1, 2, 0
1, 1, 0
0, 1, 1
1, 1, 1
1, 0, 1
1, 2, 1
1, 2, 0
1, 1, 1
0, 0, 2
0, 1, 1
1, 0, 0
1, 0, 0
1, 1, 1
1, 0, 1
0, 3, 2
0, 0, 2
1, 0, 1
2, 1, 0
2, 1, 0
0, 2, 2
0, 1, 1
2, 0, 0
1, 0, 1
1, 2, 0
1, 1, 0
0, 1, 1
0, 1, 1
1, 0, 1
0, 0, 2
1, 1, 0
2, 0, 0
0, 1, 0
0, 1, 1
1, 1, 1
9, 0, 1
0, 0, 1
0, 1, 2
2, 0, 0
1, 0, 1
1, 1, 1
1, 1, 0
0, 1, 1
0, 1, 1
1, 0, 1
0, 0, 2
1, 1, 0
2, 0, 0
1, 0, 1
1, 2, 0
1, 1, 0
0, 1, 2
1, 1, 1
1, 0, 1
0, 0, 1
2, 1, 0
1, 0, 0
1, 2, 1
1, 2, 0
0, 1, 0
0, 1, 2
1, 1, 1
0, 0, 1
1, 1, 1
2, 0, 0
1, 1, 1
0, 2, 1
1, 1, 1
0, 0, 2
0, 1, 2
2, 0, 0
1, 0, 1
1, 1, 0
2, 1, 0
0, 1, 1
0, 2, 2
1, 0, 1
0, 0, 2
0, 1, 0
2, 0, 0
1, 0, 1
1, 2, 0
1, 1, 0
0, 1, 1
0, 1, 2
1, 0, 1
0, 0, 2
1, 1, 0
2, 0, 0
1, 0, 1
1, 2, 0
1, 1, 0
0, 1, 2
1, 1, 1
0, 0, 1
0, 1, 1
2, 1, 0
1, 0, 0
1, 2, 1
1, 1, 0
0, 0, 2
0, 1, 1
2, 1, 0
0, 1, 0
0, 2, 1
1, 0, 1
0, 0, 1
0, 1, 2
2, 0, 0
1, 0, 1
1, 1, 0
2, 1, 0
0, 1, 1
0, 2, 1
1, 0, 1
0, 0, 2
0, 1, 1
2, 0, 0
1, 0, 1
1, 1, 0
1, 1, 0
0, 1, 1
0, 2, 0
1, 0, 1
0, 0, 2
1, 1, 1
2, 0, 0
1, 0, 1
2, 2, 0
1, 1, 0
0, 1, 1
0, 1, 1
1, 0, 1
0, 0, 2
2, 1, 0
1, 0, 0
1, 2, 1
1, 2, 0
0, 1, 0
0, 2, 2
1, 0, 1
0, 0, 2
0, 1, 0
2, 0, 0
1, 0, 1
2, 2, 0
1, 1, 0
0, 0, 2
1, 1, 1
0, 0, 1
1, 1, 1
2, 1, 0
1, 0, 0
0, 2, 1
1, 1, 0
0, 1, 1
0, 1, 2
1, 1, 1
2, 0, 0
1, 1, 1
2, 1, 0
1, 1, 0
0, 1, 1
1, 2, 1
0, 0, 1
0, 1, 2
1, 1, 0
1, 0, 0
1, 1, 1
2, 1, 0
0, 1, 1
0, 2, 0
1, 1, 1
0, 0, 2
0, 1, 2
2, 0, 0
1, 0, 1
1, 1, 0
2, 1, 0
0, 1, 1
0, 2, 0
1, 0, 1
0, 0, 2
0, 1, 1
2, 0, 0
1, 0, 1
1, 1, 0
2, 1, 0
0, 1, 1
1, 2, 1
1, 0, 1
0, 0, 2
2, 1, 0
1, 0, 0
1, 1, 1
1, 2, 0
0, 1, 0
0, 2, 2
1, 0, 1
0, 0, 2
0, 1, 1
2, 0, 0
1, 0, 1
1, 1, 0
1, 1, 0
0, 1, 1
0, 2, 1
1, 0, 1
0, 0, 2
1, 1, 1
1, 0, 0
1, 1, 1
2, 1, 0
0, 1, 1
0, 2, 1
1, 0, 1
0, 0, 2
0, 1, 1
2, 0, 0
1, 0, 1
1, 1, 0
2, 1, 0
0, 1, 1
0, 1, 1
1, 0, 1
0, 0, 2
2, 1, 0
2, 0, 0
1, 0, 1
1, 2, 0
0, 1, 0
0, 1, 2
1, 0, 1
0, 0, 1
1, 1, 0
2, 0, 0
1, 1, 1
0, 2, 0
1, 0, 1
0, 0, 2
1, 1, 1
1, 0, 0
1, 0, 1
2, 1, 0
1, 1, 0
0, 2, 1
1, 2, 0
0, 0, 1
0, 1, 2
1, 0, 1
1, 0, 1
1, 1, 1
2, 1, 0
0, 1, 1
0, 2, 0
1, 0, 1
0, 0, 2
0, 1, 1
2, 0, 0
1, 0, 1
1, 1, 0
2, 1, 0
0, 1, 1
1, 2, 1
1, 0, 1
0, 0, 2
1, 1, 0
1, 0, 0
1, 1, 1
2, 1, 0
0, 1, 1
0, 2, 1
1, 0, 1
0, 0, 2
1, 1, 0
2, 0, 0
1, 0, 1
1, 2, 0
1, 1, 0
0, 1, 1
0, 1, 1
1, 0, 1
0, 0, 2
2, 1, 0
1, 0, 0
1, 1, 1
1, 1, 0
0, 1, 0
0, 2, 2
1, 0, 1
0, 0, 2
0, 1, 0
2, 0, 0
1, 0, 1
1, 2, 0
1, 1, 0
0, 1, 1
0, 1, 1
1, 0, 1
0, 0, 2
0, 1, 0
2, 0, 0
1, 0, 1
1, 2, 0
1, 1, 0
0, 1, 1
1, 1, 1
1, 0, 1
0, 0, 2
2, 1, 0
1, 0, 0
1, 1, 1
1, 2, 0
0, 1, 0
0, 1, 2
1, 0, 1
0, 0, 1
0, 1, 1
2, 0, 0
1, 0, 1
1, 2, 0
1, 1, 0
0, 1, 1
0, 1, 1
1, 0, 1
0, 0, 2
1, 1, 0
2, 0, 0
1, 0, 1
1, 2, 0
0, 1, 0
0, 2, 1
1, 0, 1
0, 0, 1
0, 1, 2
2, 0, 0
1, 0, 1
1, 1, 0
2, 1, 0
0, 1, 1
0, 2, 0
1, 0, 1
0, 0, 2
1, 1, 1
1, 0, 0
1, 0, 1
2, 2, 0
0, 1, 0
0, 2, 1
1, 0, 1
0, 0, 1
0, 1, 2
2, 0, 0
1, 0, 1
1, 1, 0
2, 1, 0
0, 1, 1
0, 2, 0
1, 0, 1
0, 0, 2
1, 1, 1
2, 0, 0
1, 0, 1
2, 1, 0
0, 1, 0
0, 2, 1
1, 1, 1
0, 0, 1
0, 1, 2
1, 1, 1
0, 2, 1
1, 2, 1
0, 0, 1
0, 1, 2
1, 0, 1
1, 0, 1
1, 1, 1
2, 1, 0
0, 1, 1
0, 2, 1
1, 0, 1
0, 0, 2
0, 1, 1
2, 0, 0
1, 0, 1
2, 2, 0
1, 1, 0
0, 1, 1
1, 1, 1
1, 0, 1
0, 0, 2
1, 1, 0
1, 0, 0
1, 1, 1
2, 2, 0
1, 1, 0
0, 1, 1
1, 1, 1
1, 0, 1
0, 0, 2
1, 1, 0
1, 0, 0
1, 1, 1
2, 1, 0
0, 1, 0
0, 2, 1
1, 0, 1
0, 0, 2
0, 1, 1
2, 0, 0
1, 0, 1
2, 2, 0
0, 1, 0
0, 2, 1
1, 0, 1
0, 0, 1
0, 1, 2
2, 0, 0
1, 0, 1
1, 1, 0
1, 1, 0
0, 1, 1
0, 2, 1
1, 0, 1
0, 0, 2
1, 1, 0
1, 0, 0
1, 1, 1
2, 0, 0
0, 1, 1
0, 2, 0
1, 1, 1
0, 0, 2
0, 1, 1
1, 0, 0
1, 0, 1
1, 1, 0
2, 1, 0
0, 1, 1
0, 2, 0
1, 0, 1
0, 0, 2
1, 1, 1
2, 0, 0
1, 0, 1
2, 1, 0
2, 1, 0
0, 1, 1
1, 2, 0
0, 0, 1
0, 1, 2
1, 1, 0
2, 0, 0
1, 0, 1
2, 2, 0
0, 1, 0
0, 2, 1
1, 0, 1
0, 0, 1
0, 1, 2
2, 0, 0
1, 0, 1
1, 1, 0
2, 1, 0
0, 1, 1
0, 2, 0
0, 0, 1
0, 1, 2
1, 1, 1
2, 0, 0
1, 1, 1
2, 2, 0
0, 1, 0
0, 2, 1
1, 0, 1
0, 0, 2
0, 1, 1
1, 0, 0
1, 0, 1
1, 1, 0
2, 1, 0
0, 1, 1
1, 2, 0
1, 0, 1
0, 0, 2
1, 1, 1
1, 0, 0
1, 1, 1
2, 2, 0
0, 1, 0
0, 2, 1
1, 0, 1
0, 0, 2
0, 1, 1
2, 0, 0
1, 0, 1
1, 1, 0
1, 1, 0
0, 1, 1
1, 2, 0
1, 0, 1
0, 0, 2
1, 1, 1
1, 0, 0
1, 1, 1
2, 1, 0
0, 1, 0
0, 2, 1
1, 1, 1
0, 0, 1
0, 1, 2
1, 0, 0
1, 0, 1
1, 1, 0
2, 1, 0
0, 1, 1
0, 2, 0
1, 0, 1
0, 0, 2
1, 1, 1
0, 0, 0
1, 1, 1
2, 0, 0
1, 1, 1
0, 2, 1
1, 1, 1
0, 0, 2
0, 1, 2
1, 0, 1
1, 0, 1
1, 1, 0
2, 0, 0
1, 1, 1
0, 2, 0
1, 1, 0
0, 1, 2
1, 1, 1
0, 0, 1
0, 1, 1
2, 0, 0
1, 0, 1
0, 2, 0
1, 1, 0
0, 1, 2
0, 1, 1
1, 0, 1
0, 0, 2
1, 1, 0
2, 0, 0
1, 0, 1
2, 2, 0
1, 1, 0
0, 1, 1
1, 1, 1
0, 0, 1
0, 1, 1
2, 0, 0
1, 0, 0
1, 2, 1
1, 1, 0
0, 1, 2
0, 1, 2
1, 0, 1
0, 0, 1
1, 1, 0
2, 0, 0
1, 1, 1
0, 2, 0
1, 1, 0
0, 0, 2
1, 1, 1
1, 0, 0
1, 0, 1
2, 1, 0
2, 1, 0
0, 1, 1
1, 2, 0
1, 1, 0
0, 0, 2
1, 1, 1
1, 0, 1
1, 0, 1
2, 1, 0
1, 0, 0
0, 2, 1
1, 1, 0
0, 1, 2
0, 1, 2
1, 0, 1
0, 0, 1
1, 1, 1
2, 0, 0
1, 1, 1
0, 2, 1
1, 1, 0
0, 1, 2
0, 1, 1
1, 0, 1
1, 0, 1
1, 1, 0
2, 0, 0
1, 1, 1
1, 2, 0
0, 1, 1
0, 1, 2
1, 1, 1
0, 0, 0
1, 1, 1
2, 0, 0
1, 1, 1
0, 2, 1
1, 1, 0
0, 0, 2
0, 1, 1
1, 0, 1
1, 0, 1
1, 1, 0
2, 1, 0
0, 1, 1
0, 2, 0
1, 0, 1
0, 0, 2
1, 1, 1
0, 0, 0
1, 1, 1
2, 1, 0
1, 1, 0
0, 2, 1
1, 1, 0
0, 0, 1
0, 1, 1
1, 0, 1
1, 1, 1
2, 0, 0
1, 0, 0
0, 2, 1
1, 1, 0
0, 1, 2
0, 1, 1
1, 0, 1
0, 0, 1
2, 1, 0
2, 0, 0
1, 1, 1
1, 2, 0
0, 1, 0
0, 1, 2
1, 0, 1
0, 0, 1
1, 1, 1
2, 0, 0
1, 0, 1
1, 2, 0
1, 1, 0
0, 1, 1
0, 1, 1
1, 0, 1
0, 0, 2
2, 1, 0
2, 0, 0
1, 0, 1
1, 2, 0
0, 1, 0
0, 2, 2
1, 0, 1
0, 0, 2
1, 1, 1
2, 0, 0
1, 0, 1
1, 2, 1
1, 1, 0
0, 0, 2
0, 1, 2
1, 1, 0
1, 0, 0
1, 1, 1
2, 2, 0
0, 1, 0
0, 2, 2
1, 0, 0
1, 0, 1
1, 2, 0
1, 1, 0
0, 1, 2
0, 1, 1
1, 0, 1
0, 0, 1
1, 1, 1
2, 0, 0
1, 1, 1
0, 2, 0
1, 1, 0
0, 1, 2
0, 1, 1
1, 0, 1
0, 0, 2
1, 1, 0
2, 0, 0
1, 1, 1
0, 2, 0
1, 1, 0
0, 1, 1
1, 1, 1
1, 0, 1
0, 0, 2
2, 1, 0
2, 0, 0
1, 1, 1
1, 2, 0
0, 1, 0
0, 2, 1
1, 1, 1
0, 0, 1
0, 1, 2
2, 0, 0
1, 0, 1
1, 1, 0
2, 1, 0
0, 1, 1
0, 2, 0
1, 0, 1
0, 0, 2
1, 1, 1
2, 0, 0
1, 1, 1
2, 2, 0
0, 1, 0
0, 2, 1
1, 1, 0
0, 0, 2
0, 1, 2
1, 0, 0
1, 0, 1
1, 1, 0
2, 1, 0
0, 1, 1
0, 2, 0
1, 0, 1
0, 0, 2
1, 1, 1
1, 0, 0
1, 1, 1
2, 1, 0
0, 1, 0
0, 2, 1
9, 1, 0
1, 1, 0
0, 1, 1
1, 1, 1
1, 0, 1
0, 0, 2
2, 1, 0
1, 0, 0
1, 1, 1
2, 2, 0
0, 1, 0
0, 2, 1
1, 1, 1
0, 3, 0
0, 2, 2
1, 0, 1
0, 0, 2
0, 0, 2
1, 0, 1
0, 2, 0
0, 2, 0
0, 1, 1
2, 0, 0
2, 0, 0
0, 1, 1
0, 0, 2
1, 0, 1
1, 1, 0
0, 2, 0
1, 0, 1
1, 0, 1
1, 0, 1
0, 1, 1
0, 0, 1
0, 1, 1
1, 1, 0
0, 1, 0
1, 1, 0
1, 0, 1
1, 0, 1
1, 0, 1
0, 1, 0
0, 1, 1
0, 1, 1
2, 0, 0
1, 1, 0
1, 1, 1
0, 0, 2
1, 0, 0
0, 2, 0
0, 2, 0
1, 0, 1
2, 0, 1
2, 0, 1
0, 1, 1
0, 0, 1
0, 0, 1
1, 1, 0
1, 1, 0
1, 1, 0
1, 0, 1
2, 0, 1
1, 0, 1
0, 1, 0
0, 1, 1
1, 1, 1
2, 0, 0
1, 1, 0
1, 0, 2
0, 0, 2
1, 0, 1
0, 2, 0
0, 2, 0
0, 0, 1
2, 0, 0
2, 0, 0
0, 1, 1
0, 0, 2
0, 0, 1
1, 1, 0
0, 2, 0
1, 1, 0
1, 0, 1
1, 0, 1
1, 0, 1
0, 1, 0
0, 1, 1
0, 1, 1
1, 0, 0
1, 1, 0
1, 1, 1
0, 0, 2
1, 0, 0
1, 1, 0
0, 2, 0
0, 0, 1
2, 0, 0
2, 0, 1
0, 1, 1
0, 0, 1
0, 1, 1
1, 1, 0
0, 2, 0
1, 1, 0
1, 0, 1
1, 0, 2
1, 0, 1
0, 1, 1
0, 1, 0
0, 1, 1
1, 0, 0
1, 0, 0
1, 1, 0
0, 0, 2
1, 0, 1
1, 1, 0
0, 2, 0
1, 0, 0
1, 0, 1
2, 0, 0
1, 0, 1
0, 1, 1
0, 1, 1
1, 1, 0
1, 1, 0
0, 1, 0
1, 0, 1
1, 0, 2
1, 0, 1
0, 1, 0
0, 2, 0
0, 1, 1
1, 1, 0
1, 0, 0
1, 1, 0
0, 0, 2
0, 0, 2
1, 0, 1
1, 1, 0
0, 2, 0
0, 1, 1
1, 0, 1
2, 0, 0
1, 1, 1
0, 1, 1
0, 0, 2
1, 1, 0
0, 1, 0
0, 2, 0
1, 0, 1
1, 0, 1
2, 0, 1
0, 1, 1
0, 1, 1
0, 1, 1
1, 1, 0
0, 1, 0
1, 1, 0
1, 0, 1
1, 0, 2
1, 0, 1
0, 1, 0
0, 2, 0
0, 1, 1
1, 0, 0
2, 0, 0
1, 1, 1
0, 0, 2
0, 0, 1
1, 1, 0
0, 2, 0
0, 1, 0
1, 0, 1
2, 0, 1
0, 0, 1
0, 1, 1
0, 1, 1
1, 1, 0
1, 0, 0
1, 1, 0
1, 0, 1
1, 0, 2
1, 0, 1
0, 2, 0
0, 1, 1
1, 0, 1
2, 0, 0
1, 1, 1
0, 0, 1
0, 0, 2
1, 1, 0
1, 1, 0
0, 2, 0
1, 0, 1
1, 0, 1
2, 0, 1
0, 1, 1
0, 1, 0
0, 1, 1
1, 1, 0
2, 0, 0
1, 1, 0
1, 0, 2
0, 0, 2
1, 0, 1
0, 2, 0
0, 2, 0
0, 1, 1
2, 0, 0
2, 0, 0
1, 1, 1
0, 0, 1
0, 0, 1
1, 1, 0
1, 1, 0
0, 1, 0
1, 0, 1
2, 0, 1
1, 0, 1
0, 1, 1
0, 0, 1
0, 1, 1
1, 1, 0
1, 1, 0
1, 1, 0
1, 0, 2
1, 0, 1
1, 0, 1
0, 2, 0
0, 1, 1
0, 0, 1
2, 0, 0
1, 1, 0
0, 1, 1
0, 0, 2
1, 0, 0
1, 1, 0
0, 2, 0
1, 1, 0
1, 0, 1
2, 0, 1
0, 1, 1
0, 1, 0
0, 1, 1
1, 1, 0
2, 0, 0
1, 1, 0
1, 0, 2
0, 0, 2
1, 0, 1
0, 2, 0
0, 2, 0
0, 1, 1
2, 0, 0
2, 0, 0
0, 1, 1
0, 0, 2
0, 1, 1
1, 1, 0
0, 2, 0
1, 1, 0
1, 0, 1
1, 0, 1
1, 0, 1
0, 2, 0
0, 1, 1
1, 1, 0
2, 0, 0
1, 1, 0
0, 0, 1
0, 0, 2
1, 1, 0
0, 2, 0
0, 1, 0
1, 0, 1
1, 0, 1
1, 0, 1
0, 1, 1
0, 0, 0
0, 1, 1
1, 1, 0
2, 0, 0
1, 1, 0
1, 0, 2
0, 0, 2
1, 0, 1
0, 2, 0
0, 2, 0
0, 0, 1
2, 0, 0
2, 0, 0
0, 1, 1
0, 0, 2
0, 0, 1
1, 1, 0
1, 1, 0
1, 1, 0
1, 0, 1
2, 0, 1
1, 0, 1
0, 1, 0
0, 2, 0
0, 1, 1
1, 0, 0
1, 0, 0
1, 1, 1
0, 0, 2
0, 0, 2
1, 1, 0
0, 2, 0
0, 1, 0
1, 0, 1
2, 0, 0
1, 0, 1
0, 1, 1
0, 0, 1
0, 1, 1
1, 1, 0
1, 1, 0
1, 1, 0
0, 0, 2
1, 0, 1
1, 0, 0
0, 2, 0
0, 2, 0
1, 0, 1
2, 0, 0
2, 0, 1
0, 1, 1
0, 0, 2
1, 1, 1
1, 1, 0
0, 2, 0
1, 0, 1
1, 0, 1
1, 0, 1
0, 1, 1
0, 2, 0
0, 1, 1
1, 1, 0
1, 1, 0
1, 1, 0
1, 0, 2
1, 0, 2
1, 0, 0
0, 2, 0
0, 2, 0
0, 0, 1
2, 0, 0
2, 0, 1
0, 1, 1
0, 0, 1
0, 1, 1
1, 1, 0
0, 1, 0
1, 0, 0
1, 0, 1
1, 0, 1
0, 0, 1
0, 1, 0
0, 1, 1
0, 1, 1
2, 0, 0
1, 1, 0
1, 0, 2
0, 0, 2
1, 0, 1
0, 1, 0
0, 2, 0
1, 0, 1
2, 0, 1
2, 0, 0
0, 1, 1
0, 1, 1
0, 1, 1
1, 1, 0
0, 2, 0
1, 1, 0
1, 0, 1
1, 0, 1
1, 0, 1
0, 2, 0
0, 1, 1
0, 0, 1
2, 0, 0
1, 1, 0
0, 1, 1
0, 0, 2
1, 0, 0
0, 1, 0
0, 2, 0
1, 0, 1
2, 0, 0
1, 0, 1
0, 1, 1
0, 0, 1
0, 1, 1
1, 1, 0
1, 1, 0
1, 1, 0
1, 0, 2
1, 0, 1
1, 0, 0
0, 2, 0
0, 1, 1
1, 0, 1
2, 0, 0
1, 1, 1
0, 1, 1
0, 0, 2
1, 1, 0
1, 1, 0
0, 2, 0
1, 0, 1
1, 0, 1
2, 0, 1
0, 1, 1
0, 0, 0
0, 1, 1
1, 1, 0
0, 0, 0
1, 1, 0
1, 0, 2
1, 0, 2
1, 0, 0
0, 2, 0
0, 2, 0
0, 0, 1
2, 0, 0
2, 0, 0
0, 1, 1
0, 1, 1
0, 1, 1
1, 1, 0
0, 1, 0
1, 1, 0
1, 0, 2
1, 0, 1
1, 0, 0
0, 2, 0
0, 1, 1
0, 0, 1
2, 0, 0
1, 1, 0
0, 1, 1
0, 0, 2
1, 1, 1
1, 1, 0
0, 1, 0
1, 1, 0
1, 0, 1
1, 0, 1
0, 1, 1
0, 1, 0
0, 1, 1
1, 1, 0
1, 0, 0
1, 1, 0
1, 0, 1
0, 0, 2
1, 0, 1
0, 2, 0
0, 2, 0
0, 1, 1
2, 0, 0
2, 0, 0
0, 1, 1
0, 0, 2
0, 1, 1
1, 1, 0
0, 1, 0
1, 1, 0
1, 0, 1
1, 0, 1
0, 1, 1
0, 2, 0
0, 1, 1
1, 0, 0
2, 0, 0
1, 1, 0
0, 0, 1
0, 0, 2
1, 0, 0
1, 1, 0
0, 2, 0
1, 1, 0
1, 0, 1
1, 0, 1
0, 1, 1
0, 1, 0
0, 1, 1
1, 1, 0
2, 0, 0
1, 1, 0
1, 0, 2
0, 0, 2
1, 0, 0
0, 2, 0
0, 2, 0
1, 0, 1
2, 0, 1
1, 0, 1
0, 1, 1
0, 0, 1
0, 1, 1
1, 1, 0
1, 1, 0
1, 1, 0
1, 0, 2
1, 0, 1
0, 1, 0
0, 2, 0
0, 1, 1
1, 0, 0
2, 0, 0
1, 1, 1
0, 0, 2
0, 0, 2
1, 1, 0
0, 2, 0
0, 2, 0
1, 0, 1
1, 0, 1
1, 0, 1
0, 1, 1
0, 0, 1
0, 1, 1
1, 1, 0
1, 1, 0
1, 1, 0
1, 0, 2
1, 0, 1
1, 0, 1
0, 2, 0
0, 1, 1
0, 0, 1
2, 0, 0
1, 1, 0
1, 1, 1
0, 0, 2
1, 0, 0
0, 1, 0
0, 2, 0
0, 0, 1
1, 0, 1
2, 0, 1
0, 1, 1
0, 0, 2
0, 1, 1
1, 1, 0
0, 2, 0
1, 1, 0
1, 0, 1
1, 0, 1
0, 1, 1
0, 1, 0
0, 1, 1
0, 1, 1
2, 0, 0
1, 1, 0
1, 1, 1
0, 0, 2
1, 0, 0
1, 1, 0
0, 2, 0
1, 0, 1
1, 0, 1
2, 0, 1
0, 1, 1
0, 1, 0
0, 1, 1
1, 1, 0
0, 1, 0
1, 1, 0
1, 0, 1
0, 0, 2
1, 0, 1
0, 2, 0
0, 1, 0
0, 0, 1
2, 0, 0
2, 0, 0
0, 1, 1
0, 0, 2
0, 0, 1
1, 1, 0
0, 2, 0
1, 1, 0
1, 0, 1
2, 0, 1
0, 1, 1
0, 1, 1
0, 1, 1
1, 1, 1
1, 0, 0
1, 1, 0
1, 0, 1
1, 0, 2
1, 0, 1
0, 2, 0
0, 2, 0
0, 1, 1
2, 0, 0
2, 0, 0
0, 1, 1
0, 0, 2
0, 1, 1
1, 1, 0
0, 1, 0
1, 1, 0
1, 0, 1
1, 0, 1
1, 0, 1
0, 2, 0
0, 1, 1
1, 1, 1
2, 0, 0
1, 1, 0
1, 0, 2
0, 0, 2
1, 0, 0
0, 2, 0
0, 2, 0
1, 0, 1
1, 0, 1
2, 0, 1
0, 1, 1
0, 0, 1
0, 1, 1
1, 1, 0
0, 2, 0
1, 1, 0
1, 0, 1
1, 0, 1
1, 0, 1
0, 1, 0
0, 1, 1
0, 1, 1
2, 0, 0
1, 1, 0
1, 1, 1
0, 0, 2
1, 0, 0
1, 1, 0
0, 2, 0
0, 0, 1
1, 0, 1
2, 0, 1
0, 0, 1
0, 1, 0
0, 1, 1
1, 1, 0
2, 0, 0
1, 1, 0
1, 0, 2
0, 0, 2
1, 0, 0
0, 1, 0
0, 2, 0
1, 0, 1
1, 0, 1
2, 0, 1
0, 1, 1
0, 1, 1
0, 1, 1
1, 1, 0
0, 1, 0
1, 1, 0
1, 0, 2
1, 0, 1
1, 0, 1
0, 2, 0
0, 1, 1
0, 0, 1
2, 0, 0
1, 1, 1
0, 1, 1
0, 0, 2
1, 1, 1
1, 1, 0
0, 2, 0
1, 0, 0
1, 0, 1
1, 0, 1
0, 0, 1
0, 1, 0
0, 1, 1
0, 1, 1
2, 0, 0
1, 1, 0
1, 0, 2
0, 0, 2
1, 0, 0
1, 1, 0
0, 2, 0
1, 0, 1
2, 0, 1
2, 0, 1
0, 1, 1
0, 0, 1
0, 1, 1
1, 1, 0
1, 1, 0
1, 0, 1
1, 0, 2
1, 0, 1
0, 1, 1
0, 2, 0
0, 1, 1
1, 1, 0
1, 1, 0
1, 1, 0
0, 0, 2
1, 0, 1
1, 1, 0
0, 2, 0
0, 0, 1
1, 0, 1
2, 0, 0
0, 1, 1
0, 1, 1
0, 1, 1
1, 1, 0
0, 2, 0
1, 1, 0
1, 0, 1
1, 0, 1
1, 0, 1
0, 1, 0
0, 1, 1
1, 1, 0
2, 0, 0
1, 1, 0
1, 0, 2
0, 0, 2
1, 0, 0
0, 2, 0
0, 2, 0
1, 0, 1
2, 0, 0
2, 0, 1
0, 1, 1
0, 0, 2
0, 1, 1
1, 1, 0
0, 1, 0
1, 1, 0
1, 0, 1
1, 0, 1
0, 1, 1
0, 2, 0
0, 1, 1
0, 1, 1
2, 0, 0
1, 1, 0
0, 1, 1
0, 0, 2
1, 0, 1
1, 1, 0
0, 2, 0
1, 1, 0
1, 0, 1
2, 0, 1
0, 0, 1
0, 1, 0
0, 1, 1
0, 1, 1
2, 0, 0
1, 1, 0
1, 1, 1
0, 0, 2
1, 0, 1
0, 2, 0
0, 2, 0
0, 1, 1
1, 0, 1
2, 0, 0
0, 1, 1
0, 1, 1
0, 0, 1
1, 1, 0
0, 1, 0
0, 1, 0
1, 0, 1
1, 0, 2
1, 0, 1
0, 1, 1
0, 1, 1
0, 1, 1
2, 0, 0
1, 1, 0
0, 0, 2
0, 0, 2
24, 1, 0
0, 1, 1
1, 0, 1
0, 0, 2
0, 1, 1
0, 0, 1
1, 0, 1
0, 0, 2
0, 1, 1
0, 0, 1
1, 0, 2
0, 0, 1
0, 1, 1
0, 0, 1
1, 0, 2
0, 0, 1
0, 1, 0
1, 0, 0
0, 0, 1
0, 1, 0
0, 2, 0
1, 1, 0
0, 0, 1
0, 1, 0
0, 0, 0
1, 1, 1
0, 0, 0
0, 2, 0
1, 1, 0
1, 1, 1
0, 1, 0
0, 2, 0
1, 1, 0
1, 1, 1
0, 1, 0
0, 2, 0
1, 1, 0
1, 1, 1
0, 1, 0
0, 2, 0
1, 1, 0
0, 1, 1
0, 2, 0
0, 2, 0
1, 1, 0
0, 1, 1
0, 2, 0
0, 1, 0
1, 1, 1
0, 1, 0
0, 2, 0
1, 1, 0
1, 1, 1
0, 1, 0
0, 2, 0
1, 1, 0
0, 1, 1
0, 1, 0
0, 2, 0
1, 0, 0
0, 0, 1
1, 1, 0
1, 0, 0
2, 0, 1
1, 0, 1
1, 1, 0
1, 0, 0
2, 0, 1
1, 0, 0
1, 1, 0
2, 0, 0
1, 0, 1
1, 0, 0
1, 1, 0
2, 0, 0
1, 0, 1
1, 1, 0
1, 0, 0
2, 0, 1
1, 0, 0
1, 1, 0
2, 0, 0
2, 0, 1
1, 0, 0
1, 1, 0
2, 0, 0
1, 0, 2
1, 0, 1
1, 1, 0
2, 0, 0
1, 0, 2
1, 1, 1
1, 0, 0
2, 0, 2
1, 0, 1
1, 1, 1
1, 0, 0
2, 0, 1
1, 0, 0
1, 1, 0
2, 0, 0
2, 0, 1
1, 0, 0
1, 1, 1
2, 0, 0
1, 0, 2
1, 1, 0
1, 1, 0
2, 0, 0
1, 0, 2
1, 1, 1
1, 0, 0
2, 0, 2
1, 0, 0
1, 1, 0
2, 0, 0
1, 0, 2
1, 1, 1
1, 0, 0
2, 0, 2
1, 0, 2
1, 1, 0
1, 0, 1
2, 0, 2
1, 0, 0
1, 1, 1
2, 0, 0
1, 0, 1
1, 0, 0
1, 1, 0
2, 0, 0
1, 0, 2
1, 1, 1
1, 0, 0
2, 0, 1
1, 0, 1
1, 1, 0
1, 0, 0
2, 0, 1
1, 0, 0
1, 1, 0
2, 0, 0
1, 0, 2
1, 1, 1
1, 0, 0
2, 0, 1
1, 0, 2
1, 1, 1
1, 0, 0
2, 0, 2
1, 0, 1
1, 1, 1
2, 0, 0
1, 0, 2
1, 0, 0
1, 1, 0
2, 0, 0
1, 0, 1
1, 1, 1
1, 0, 0
2, 0, 2
1, 0, 1
1, 1, 1
1, 0, 0
2, 0, 1
1, 0, 0
1, 1, 0
2, 0, 0
2, 0, 1
1, 0, 0
1, 1, 0
2, 0, 0
1, 0, 1
1, 1, 0
1, 0, 0
2, 0, 1
1, 0, 1
1, 1, 0
1, 0, 0
2, 0, 1
1, 0, 0
1, 1, 1
2, 0, 0
2, 0, 1
1, 0, 0
1, 1, 0
1, 0, 0
2, 0, 1
1, 0, 0
1, 1, 0
1, 0, 0
2, 0, 2
1, 0, 0
1, 1, 0
2, 0, 0
2, 0, 1
1, 0, 0
1, 1, 0
2, 0, 0
2, 0, 1
1, 0, 0
1, 1, 0
2, 0, 0
2, 0, 2
1, 0, 1
1, 1, 1
2, 0, 0
1, 0, 2
1, 1, 1
1, 0, 0
2, 0, 1
1, 0, 0
1, 1, 0
1, 0, 0
2, 0, 1
1, 0, 0
1, 1, 1
2, 0, 0
1, 0, 1
1, 1, 0
1, 0, 0
2, 0, 1
1, 0, 0
1, 1, 0
2, 0, 0
2, 0, 1
1, 0, 0
1, 1, 0
2, 0, 0
1, 0, 2
1, 0, 1
1, 1, 0
2, 0, 0
2, 0, 2
1, 0, 1
1, 1, 0
2, 0, 1
1, 0, 0
1, 1, 0
1, 0, 0
2, 0, 1
1, 0, 0
1, 1, 0
2, 0, 0
1, 0, 1
1, 1, 0
1, 1, 0
2, 0, 0
1, 0, 1
1, 1, 0
1, 0, 0
2, 0, 1
1, 0, 1
1, 1, 0
1, 0, 0
2, 0, 1
1, 0, 0
1, 1, 1
2, 0, 0
2, 0, 1
1, 0, 1
1, 1, 0
1, 0, 0
2, 0, 1
1, 0, 0
1, 1, 0
1, 0, 0
2, 0, 1
1, 0, 0
1, 1, 0
2, 0, 0
2, 0, 1
1, 0, 0
1, 1, 0
2, 0, 0
1, 0, 1
1, 1, 0
1, 0, 0
2, 0, 1
1, 0, 2
1, 1, 1
1, 0, 0
2, 0, 2
1, 0, 1
1, 1, 1
2, 0, 0
2, 0, 2
1, 0, 0
1, 1, 1
2, 0, 0
1, 0, 2
1, 1, 1
1, 0, 0
2, 0, 1
1, 0, 0
1, 1, 0
1, 0, 0
2, 0, 2
1, 0, 1
1, 1, 1
2, 0, 0
1, 0, 2
1, 1, 1
1, 0, 0
2, 0, 2
1, 0, 2
1, 1, 1
1, 0, 1
2, 0, 2
1, 0, 1
1, 1, 1
1, 0, 1
2, 0, 2
1, 0, 0
1, 1, 1
2, 0, 0
1, 0, 1
1, 1, 1
1, 1, 0
2, 0, 0
1, 0, 1
1, 1, 0
1, 0, 0
2, 0, 0
1, 0, 2
1, 1, 1
1, 0, 1
2, 0, 2
1, 0, 2
1, 1, 1
1, 0, 0
2, 0, 2
1, 0, 1
1, 1, 1
2, 0, 0
1, 0, 1
1, 1, 0
1, 0, 0
2, 0, 0
1, 0, 1
1, 1, 0
1, 0, 0
2, 0, 1
1, 0, 0
1, 1, 1
2, 0, 0
1, 0, 1
1, 1, 0
1, 1, 0
2, 0, 0
1, 0, 1
1, 1, 0
1, 0, 0
2, 0, 1
1, 0, 1
1, 1, 0
1, 0, 0
2, 0, 1
1, 0, 0
1, 1, 0
2, 0, 0
2, 0, 2
1, 0, 1
1, 1, 1
2, 0, 0
1, 0, 2
1, 1, 1
0, 0, 1
0, 1, 1
2, 0, 1
2, 0, 2
1, 0, 0
1, 1, 0
2, 0, 0
2, 0, 1
1, 0, 0
1, 1, 0
0, 0, 0
1, 0, 0
0, 0, 1
0, 1, 0
0, 1, 0
1, 1, 0
0, 1, 1
0, 2, 0
0, 2, 0
1, 1, 0
0, 1, 1
0, 1, 0
0, 2, 0
1, 1, 0
1, 0, 1
0, 0, 1
0, 1, 1
1, 0, 1
1, 0, 2
1, 0, 1
1, 1, 1
1, 0, 0
2, 0, 1
1, 0, 1
1, 1, 0
0, 0, 0
1, 0, 1
0, 0, 1
0, 2, 0
0, 1, 0
1, 1, 0
0, 1, 1
0, 1, 0
0, 2, 0
1, 1, 0
1, 1, 1
0, 0, 1
0, 1, 1
1, 0, 1
1, 0, 2
0, 0, 1
1, 1, 1
1, 0, 1
2, 0, 1
1, 0, 0
1, 1, 0
1, 0, 0
2, 0, 1
1, 0, 1
0, 1, 0
0, 1, 0
1, 1, 1
0, 1, 1
0, 2, 0
0, 2, 0
1, 1, 0
0, 1, 1
0, 0, 0
0, 1, 0
1, 0, 0
1, 0, 1
0, 0, 1
0, 1, 1
1, 0, 1
1, 0, 2
0, 0, 1
0, 1, 1
1, 0, 1
2, 0, 1
1, 0, 1
1, 1, 0
1, 1, 0
2, 0, 0
1, 0, 1
0, 0, 0
0, 2, 0
1, 1, 0
1, 1, 1
0, 1, 0
0, 2, 0
0, 1, 0
1, 1, 1
0, 0, 1
0, 1, 0
0, 1, 0
1, 0, 0
1, 0, 2
1, 0, 0
1, 1, 0
1, 1, 2
1, 0, 2
1, 0, 0
1, 1, 0
1, 0, 0
2, 0, 2
1, 0, 0
1, 1, 1
2, 0, 0
1, 0, 1
1, 0, 0
1, 1, 1
2, 0, 0
1, 0, 1
1, 1, 0
1, 0, 0
2, 0, 1
1, 0, 0
1, 1, 1
2, 0, 0
1, 0, 2
1, 0, 1
1, 1, 1
2, 0, 0
1, 0, 2
1, 1, 1
1, 0, 0
2, 0, 2
1, 0, 1
1, 1, 1
2, 0, 1
2, 0, 2
1, 0, 1
1, 1, 1
2, 0, 0
1, 0, 2
1, 1, 1
1, 0, 0
2, 0, 2
1, 0, 1
1, 1, 1
2, 0, 0
1, 0, 2
1, 1, 1
1, 0, 0
2, 0, 1
1, 0, 0
1, 1, 1
2, 0, 0
2, 0, 2
1, 0, 1
1, 1, 1
2, 0, 0
1, 0, 2
1, 1, 1
1, 0, 0
2, 0, 2
1, 0, 1
1, 1, 1
2, 0, 0
2, 0, 2
1, 0, 1
1, 1, 1
2, 0, 0
1, 0, 2
1, 1, 0
1, 0, 0
2, 0, 0
1, 0, 2
1, 1, 1
1, 0, 1
2, 0, 2
1, 0, 1
1, 1, 1
2, 0, 0
1, 0, 1
1, 0, 0
1, 1, 1
2, 0, 0
1, 0, 1
1, 1, 0
1, 0, 0
2, 0, 1
1, 0, 2
1, 1, 1
1, 0, 0
2, 0, 1
1, 0, 0
1, 1, 1
2, 0, 0
2, 0, 2
1, 0, 1
1, 1, 1
2, 0, 1
1, 0, 2
1, 1, 1
0, 1, 1
1, 0, 1
1, 0, 2
1, 0, 1
1, 0, 1
2, 0, 2
1, 0, 1
1, 1, 1
2, 0, 1
2, 0, 1
1, 0, 0
1, 0, 0
0, 1, 1
0, 0, 1
1, 0, 2
0, 0, 1
0, 1, 1
0, 0, 1
1, 0, 2
0, 0, 1
0, 1, 1
1, 0, 1
1, 0, 2
0, 0, 1
0, 1, 1
1, 0, 1
0, 0, 2
0, 1, 1
0, 1, 1
1, 0, 1
0, 0, 2
0, 1, 1
0, 0, 1
1, 0, 2
0, 0, 1
0, 1, 1
1, 0, 1
1, 0, 2
0, 0, 1
0, 1, 1
1, 0, 1
0, 0, 2
0, 1, 1
0, 0, 1
1, 0, 0
0, 0, 1
0, 1, 0
0, 1, 0
1, 1, 1
0, 0, 1
0, 2, 0
0, 1, 0
1, 1, 1
0, 1, 0
0, 2, 0
1, 1, 0
0, 1, 1
0, 1, 0
0, 2, 0
1, 1, 0
0, 1, 1
0, 2, 0
0, 1, 0
1, 1, 1
0, 1, 0
0, 2, 0
1, 0, 0
0, 0, 1
0, 0, 0
1, 1, 0
2, 0, 0
1, 0, 1
1, 1, 0
0, 0, 0
2, 0, 1
1, 0, 1
1, 1, 0
1, 0, 0
2, 0, 1
1, 0, 0
1, 1, 0
2, 0, 0
1, 0, 1
1, 1, 0
1, 0, 1
2, 0, 0
1, 0, 2
1, 1, 1
1, 0, 1
2, 0, 1
1, 0, 0
1, 1, 0
2, 0, 1
2, 0, 2
1, 0, 0
1, 1, 1
2, 0, 0
1, 0, 2
1, 1, 1
1, 0, 0
2, 0, 1
1, 0, 0
1, 1, 1
1, 0, 0
2, 0, 1
1, 0, 0
1, 1, 0
2, 0, 0
1, 0, 1
1, 1, 0
1, 0, 0
2, 0, 1
1, 0, 2
1, 1, 1
1, 0, 0
2, 0, 2
1, 0, 1
1, 1, 0
2, 0, 0
2, 0, 1
1, 1, 0
1, 1, 0
2, 0, 0
1, 0, 1
1, 1, 0
1, 0, 0
2, 0, 1
1, 0, 2
1, 1, 1
1, 0, 0
2, 0, 1
1, 0, 0
1, 1, 0
2, 0, 0
1, 0, 2
1, 1, 1
1, 0, 0
2, 0, 2
1, 0, 2
1, 1, 1
1, 0, 0
2, 0, 2
1, 0, 1
1, 1, 1
2, 0, 1
1, 0, 2
1, 1, 1
1, 0, 1
2, 0, 2
1, 0, 0
1, 1, 1
2, 0, 0
1, 0, 2
1, 0, 1
0, 1, 1
1, 0, 1
0, 0, 2
0, 1, 1
0, 0, 1
1, 0, 2
0, 0, 1
0, 1, 1
1, 0, 1
1, 0, 2
0, 0, 1
0, 1, 1
1, 0, 1
0, 0, 2
0, 1, 1
0, 0, 1
1, 0, 2
0, 0, 1
0, 1, 0
0, 0, 0
1, 1, 1
0, 1, 0
0, 2, 0
1, 1, 0
0, 1, 1
0, 2, 0
0, 1, 0
1, 1, 1
0, 1, 0
0, 2, 0
1, 1, 0
0, 1, 1
0, 2, 0
0, 2, 0
1, 1, 0
0, 1, 1
0, 2, 0
1, 1, 0
1, 1, 1
0, 1, 0
0, 2, 0
1, 1, 0
0, 1, 1
0, 2, 0
0, 1, 0
1, 0, 1
0, 1, 0
0, 1, 0
0, 0, 0
2, 0, 1
1, 0, 0
1, 1, 0
2, 0, 0
1, 0, 1
1, 0, 0
1, 1, 0
2, 0, 0
1, 0, 1
1, 1, 0
1, 0, 0
2, 0, 2
1, 0, 0
1, 1, 1
2, 0, 0
1, 0, 2
1, 1, 1
1, 0, 0
2, 0, 2
1, 0, 1
1, 1, 0
2, 0, 0
1, 0, 2
1, 1, 1
1, 0, 0
2, 0, 2
1, 0, 2
1, 1, 1
1, 0, 0
2, 0, 1
1, 0, 1
1, 1, 1
2, 0, 0
2, 0, 2
1, 0, 1
1, 1, 1
2, 0, 0
1, 0, 2
1, 1, 1
1, 0, 0
2, 0, 1
1, 0, 1
1, 1, 1
2, 0, 1
2, 0, 2
1, 0, 1
1, 1, 1
2, 0, 1
1, 0, 2
1, 0, 1
1, 1, 1
2, 0, 1
1, 0, 2
1, 1, 1
1, 0, 1
2, 0, 2
1, 0, 1
1, 1, 1
1, 0, 1
2, 0, 2
1, 0, 1
1, 1, 1
1, 1, 1
2, 0, 0
2, 0, 1
1, 0, 0
1, 1, 0
2, 0, 0
1, 0, 1
0, 0, 0
0, 0, 0
0, 0, 1
0, 1, 0
1, 0, 0
0, 0, 0
0, 0, 0
0, 0, 1
0, 1, 0
1, 0, 1
0, 1, 0
1, 0, 1
1, 1, 1
1, 0, 1
0, 1, 0
2, 0, 2
0, 2, 0
1, 0, 1
0, 1, 1
1, 1, 1
0, 1, 0
1, 0, 2
0, 2, 0
2, 0, 2
0, 1, 0
1, 1, 1
1, 0, 1
1, 0, 0
0, 1, 0
1, 0, 1
0, 1, 0
0, 0, 0
0, 0, 0
0, 1, 0
1, 0, 1
0, 0, 0
0, 0, 0
0, 0, 0
1, 0, 1
1, 1, 1
1, 1, 1
0, 1, 0
1, 0, 2
0, 2, 0
1, 0, 1
1, 1, 0
1, 0, 2
0, 1, 0
2, 0, 0
0, 0, 0
0, 0, 0
0, 0, 1
0, 1, 0
1, 0, 0
0, 0, 0
0, 0, 0
0, 0, 0
0, 1, 0
1, 0, 1
0, 1, 0
0, 0, 0
0, 0, 0
0, 1, 0
1, 0, 1
0, 1, 0
1, 0, 1
1, 1, 1
1, 1, 1
0, 1, 0
2, 0, 2
0, 2, 0
1, 0, 1
0, 1, 1
1, 1, 1
0, 0, 0
0, 0, 0
0, 0, 0
0, 0, 1
0, 1, 0
1, 0, 1
0, 0, 0
0, 0, 0
0, 0, 1
0, 1, 0
1, 0, 1
0, 0, 0
0, 0, 0
0, 0, 1
0, 1, 0
1, 0, 1
0, 0, 0
0, 1, 0
1, 0, 2
0, 2, 0
2, 0, 1
0, 1, 0
1, 1, 1
1, 1, 0
1, 0, 1
0, 2, 0
2, 0, 2
0, 0, 0
1, 0, 0
0, 0, 1
0, 1, 0
1, 0, 1
0, 0, 0
0, 0, 0
0, 0, 0
0, 1, 0
1, 0, 1
0, 0, 0
0, 0, 0
0, 0, 0
0, 0, 0
0, 0, 1
0, 1, 0
1, 0, 0
0, 0, 0
0, 0, 0
0, 1, 1
1, 1, 0
0, 1, 0
1, 0, 1
0, 2, 0
2, 0, 2
0, 1, 0
1, 0, 1
1, 1, 1
1, 0, 1
0, 2, 0
2, 0, 2
0, 2, 0
1, 0, 1
0, 1, 1
1, 1, 0
1, 0, 0
0, 0, 0
0, 0, 0
0, 0, 1
0, 1, 0
1, 0, 0
0, 0, 0
0, 0, 0
0, 0, 1
0, 1, 0
1, 0, 1
0, 0, 0
0, 0, 0
0, 0, 0
0, 0, 0
1, 0, 1
0, 1, 1
0, 1, 0
1, 0, 2
0, 2, 0
1, 0, 1
0, 1, 1
1, 1, 1
0, 1, 0
1, 0, 1
0, 2, 0
2, 0, 2
0, 1, 0
1, 1, 1
1, 1, 1
1, 0, 0
0, 0, 0
2, 0, 1
0, 1, 0
0, 0, 0
0, 0, 0
0, 1, 0
1, 0, 1
0, 0, 0
0, 0, 0
0, 0, 0
0, 0, 0
0, 0, 1
0, 1, 0
1, 0, 1
0, 0, 0
0, 0, 0
0, 0, 1
0, 1, 0
1, 0, 1
0, 0, 0
0, 0, 0
1, 0, 1
1, 1, 0
0, 1, 0
1, 0, 1
0, 2, 0
2, 0, 2
0, 1, 0
1, 0, 1
1, 1, 1
1, 0, 1
0, 1, 0
2, 0, 2
0, 2, 0
1, 0, 1
0, 1, 0
1, 1, 1
0, 1, 0
1, 0, 1
0, 1, 0
1, 0, 1
0, 0, 0
0, 0, 0
0, 0, 1
0, 1, 0
1, 0, 1
0, 0, 0
0, 0, 0
0, 0, 1
0, 1, 0
1, 1, 1
1, 0, 1
0, 2, 0
2, 0, 2
0, 1, 0
1, 0, 1
1, 1, 1
1, 0, 1
0, 1, 0
2, 0, 2
0, 2, 0
1, 0, 1
0, 1, 1
1, 1, 0
0, 0, 0
0, 0, 0
0, 1, 0
1, 0, 1
0, 1, 0
0, 0, 0
0, 0, 0
0, 0, 0
1, 0, 1
0, 1, 0
0, 0, 0
0, 0, 0
0, 0, 0
0, 0, 1
0, 1, 0
1, 0, 1
0, 0, 0
0, 1, 0
1, 0, 2
0, 2, 0
2, 0, 1
0, 1, 0
1, 1, 1
1, 1, 1
1, 0, 1
0, 2, 0
2, 0, 2
0, 1, 0
1, 0, 1
1, 1, 1
1, 0, 1
0, 1, 0
2, 0, 1
0, 1, 0
0, 0, 0
0, 0, 1
1, 1, 0
1, 0, 1
0, 0, 0
0, 0, 0
0, 0, 1
0, 1, 0
1, 0, 0
0, 0, 0
0, 0, 0
0, 0, 0
0, 0, 0
1, 0, 1
0, 1, 0
0, 0, 0
0, 0, 0
0, 0, 0
0, 0, 1
0, 1, 0
1, 0, 1
1, 0, 1
0, 1, 0
2, 0, 2
0, 2, 0
1, 0, 1
0, 1, 1
1, 1, 1
0, 1, 0
1, 0, 2
0, 2, 0
2, 0, 1
0, 1, 0
1, 1, 1
1, 0, 1
0, 0, 0
0, 0, 0
1, 0, 1
0, 1, 0
0, 0, 0
0, 0, 0
0, 0, 0
0, 0, 1
0, 1, 0
1, 0, 0
0, 0, 0
0, 0, 0
0, 1, 0
0, 1, 0
1, 1, 1
1, 0, 1
0, 1, 0
2, 0, 2
0, 2, 0
1, 0, 1
0, 1, 0
1, 1, 1
1, 1, 0
1, 0, 1
0, 2, 0
2, 0, 2
0, 1, 0
1, 0, 1
1, 1, 1
1, 0, 1
0, 6, 0
1, 0, 1
0, 0, 0
0, 0, 0
0, 0, 1
0, 1, 0
1, 0, 1
0, 0, 0
0, 0, 1
0, 1, 1
1, 1, 1
0, 1, 0
1, 0, 2
0, 2, 0
2, 0, 1
0, 1, 0
1, 1, 1
1, 1, 1
1, 0, 0
0, 0, 0
1, 0, 1
0, 1, 0
1, 0, 0
0, 0, 0
0, 1, 0
1, 0, 1
0, 1, 0
0, 0, 0
0, 0, 0
0, 0, 0
0, 0, 1
0, 1, 0
1, 0, 1
0, 0, 0
0, 1, 0
0, 0, 1
0, 1, 0
2, 0, 1
0, 1, 0
1, 0, 1
1, 1, 1
1, 0, 1
0, 1, 0
2, 0, 2
0, 2, 0
2, 0, 1
0, 1, 0
1, 1, 1
1, 1, 0
1, 0, 1
0, 2, 0
2, 0, 2
0, 1, 0
1, 0, 0
1, 0, 1
0, 1, 0
1, 0, 0
0, 0, 0
0, 0, 0
0, 0, 1
0, 1, 0
1, 0, 1
0, 0, 0
0, 0, 0
1, 0, 1
0, 1, 0
1, 0, 0
0, 0, 0
0, 0, 0
0, 0, 1
0, 1, 0
1, 1, 1
1, 0, 1
0, 2, 0
2, 0, 2
0, 1, 0
1, 0, 1
1, 1, 1
1, 1, 1
0, 1, 0
2, 0, 2
0, 2, 0
1, 0, 1
0, 1, 1
1, 1, 1
0, 0, 0
0, 0, 0
0, 1, 0
1, 0, 1
0, 0, 0
0, 0, 0
0, 0, 0
0, 0, 0
1, 0, 1
0, 1, 0
0, 0, 0
0, 0, 0
0, 0, 0
0, 1, 1
1, 1, 1
0, 1, 0
1, 0, 2
0, 2, 0
2, 0, 1
0, 1, 0
1, 0, 1
1, 1, 1
1, 0, 1
0, 1, 0
2, 0, 1
0, 1, 0
0, 0, 0
0, 0, 0
0, 0, 0
0, 0, 1
0, 1, 0
1, 0, 0
0, 0, 0
0, 0, 0
0, 0, 1
0, 1, 0
1, 0, 1
0, 0, 0
0, 0, 0
0, 0, 1
0, 1, 0
1, 0, 1
0, 0, 0
0, 0, 0
0, 0, 0
0, 1, 0
1, 0, 1
0, 0, 0
0, 1, 0
1, 0, 2
0, 2, 0
2, 0, 2
0, 1, 0
1, 0, 1
1, 1, 1
1, 0, 1
0, 1, 0
2, 0, 2
0, 2, 0
1, 0, 1
0, 1, 1
1, 1, 1
0, 1, 0
1, 0, 1
0, 2, 0
2, 0, 2
0, 1, 0
1, 1, 1
1, 0, 1
1, 0, 1
0, 0, 0
1, 0, 2
0, 1, 0
1, 0, 1
0, 1, 1
1, 1, 0
0, 0, 0
1, 0, 0
0, 1, 0
1, 0, 1
0, 0, 0
0, 0, 0
0, 0, 0
0, 0, 0
1, 0, 1
0, 1, 0
0, 0, 0
0, 0, 0
0, 0, 0
0, 0, 1
1, 1, 1
1, 1, 0
1, 0, 1
0, 2, 0
2, 0, 2
0, 1, 4
1, 0, 1
1, 0, 1
1, 1, 0
0, 0, 0
0, 0, 1
0, 1, 0
1, 0, 0
0, 0, 0
0, 0, 0
0, 0, 1
0, 2, 0
2, 0, 2
0, 1, 0
1, 0, 1
1, 1, 1
1, 0, 1
0, 1, 0
2, 0, 2
0, 2, 0
1, 0, 1
0, 1, 1
5, 1, 1
0, 1, 0
1, 0, 2
0, 2, 0
2, 0, 0
0, 0, 0
0, 0, 0
0, 0, 1
0, 1, 0
1, 0, 1
0, 0, 0
0, 0, 0
0, 0, 0
0, 1, 0
1, 0, 1
0, 1, 0
0, 0, 0
1, 0, 1
0, 2, 0
2, 0, 2
0, 1, 0
1, 0, 1
1, 1, 1
1, 1, 1
0, 1, 0
0, 1, 0
0, 0, 0
0, 0, 1
0, 2, 0
2, 0, 1
0, 1, 1
1, 1, 1
0, 1, 0
1, 0, 2
4, 2, 0
1, 0, 0
1, 0, 1
0, 0, 0
0, 0, 0
1, 0, 1
0, 1, 1
0, 1, 0
2, 0, 2
0, 2, 0
1, 0, 1
1, 1, 1
1, 0, 0
0, 0, 0
1, 0, 1
0, 0, 0
0, 0, 0
0, 0, 1
0, 2, 0
1, 0, 1
0, 1, 1
1, 1, 1
0, 1, 0
2, 0, 2
0, 0, 0
0, 0, 0
0, 0, 1
0, 1, 0
0, 0, 0
0, 1, 0
1, 1, 1
1, 1, 0
1, 0, 2
0, 2, 0
1, 0, 1
0, 0, 1
0, 1, 0
0, 0, 0
0, 0, 0
0, 1, 0
1, 1, 1
1, 0, 1
0, 2, 0
2, 0, 1
0, 1, 0
1, 1, 0
0, 0, 0
0, 0, 0
0, 1, 0
1, 0, 1
0, 0, 0
0, 1, 0
2, 0, 2
0, 1, 0
1, 0, 1
1, 1, 1
1, 0, 1
0, 1, 0
1, 0, 0
0, 0, 0
0, 0, 0
1, 0, 1
0, 1, 0
1, 0, 1
1, 1, 1
1, 0, 1
0, 2, 0
2, 0, 0
0, 0, 0
0, 1, 0
1, 0, 1
0, 0, 0
0, 0, 0
1, 1, 1
1, 0, 1
0, 2, 0
2, 0, 2
0, 1, 0
1, 1, 0
1, 0, 1
0, 0, 0
0, 1, 0
1, 0, 1
0, 0, 0
0, 1, 0
2, 0, 2
0, 1, 0
1, 0, 1
1, 1, 1
1, 0, 0
0, 1, 0
1, 0, 1
0, 0, 0
0, 1, 0
1, 0, 1
0, 1, 0
1, 1, 1
0, 1, 0
1, 0, 2
0, 2, 0
1, 0, 1
1, 0, 1
0, 1, 0
0, 0, 0
0, 0, 1
0, 1, 0
1, 0, 0
1, 0, 1
0, 2, 0
2, 0, 1
0, 1, 1
1, 1, 1
0, 0, 0
1, 0, 1
0, 1, 0
0, 0, 0
0, 0, 1
0, 2, 0
2, 0, 1
0, 1, 1
1, 1, 1
0, 1, 0
2, 0, 2
0, 1, 0
0, 0, 0
1, 0, 1
0, 1, 0
0, 0, 0
0, 1, 1
1, 1, 1
0, 1, 0
2, 0, 2
0, 1, 0
1, 0, 1
1, 0, 1
0, 0, 0
0, 0, 0
1, 0, 1
0, 0, 0
0, 1, 0
1, 0, 2
0, 2, 0
1, 0, 1
1, 1, 1
1, 0, 1
0, 1, 0
1, 0, 1
0, 0, 0
0, 1, 0
1, 0, 1
0, 1, 0
1, 1, 1
1, 1, 0
1, 0, 1
0, 2, 0
1, 0, 1
1, 0, 1
0, 1, 0
0, 0, 0
0, 0, 1
0, 1, 0
1, 1, 0
1, 0, 2
0, 2, 0
1, 0, 1
0, 1, 1
1, 1, 0
0, 0, 0
0, 0, 1
0, 1, 0
1, 0, 0
0, 0, 0
0, 2, 0
2, 0, 2
0, 1, 0
1, 1, 1
1, 1, 0
1, 0, 2
0, 1, 0
0, 0, 0
0, 0, 0
0, 1, 0
1, 0, 1
0, 1, 0
1, 0, 1
1, 1, 1
1, 0, 1
0, 2, 0
2, 0, 0
0, 0, 0
0, 1, 0
1, 0, 1
0, 0, 0
0, 0, 0
1, 1, 1
1, 0, 1
0, 1, 0
2, 0, 2
0, 1, 0
1, 1, 0
1, 0, 1
0, 0, 0
0, 1, 0
1, 0, 1
0, 0, 0
0, 0, 0
2, 0, 2
0, 2, 0
1, 0, 1
1, 1, 1
1, 0, 1
0, 2, 0
2, 0, 1
0, 0, 0
0, 0, 0
1, 0, 1
0, 0, 0
1, 0, 1
1, 1, 1
1, 0, 1
0, 2, 0
2, 0, 2
0, 1, 0
1, 1, 0
1, 0, 0
0, 0, 0
0, 1, 0
1, 1, 1
1, 0, 1
0, 2, 0
2, 0, 2
0, 1, 0
1, 1, 1
1, 0, 0
0, 0, 0
0, 1, 0
1, 0, 1
1, 0, 1
0, 2, 0
2, 0, 1
0, 1, 0
1, 1, 1
0, 1, 0
1, 0, 1
0, 1, 0
0, 0, 0
0, 0, 1
0, 1, 0
1, 0, 1
0, 1, 1
1, 1, 1
0, 1, 0
2, 0, 2
0, 0, 0
0, 0, 0
0, 0, 1
0, 1, 0
1, 0, 0
0, 0, 0
0, 1, 0
1, 1, 1
1, 0, 1
0, 2, 0
2, 0, 1
0, 1, 0
1, 1, 0
1, 0, 0
0, 0, 1
0, 1, 0
1, 0, 0
1, 0, 1
0, 2, 0
2, 0, 1
0, 1, 1
1, 1, 1
0, 0, 0
0, 0, 1
0, 1, 0
1, 0, 0
0, 0, 0
0, 1, 0
2, 0, 2
0, 1, 0
1, 1, 1
1, 1, 0
1, 0, 2
0, 1, 0
1, 0, 0
0, 0, 1
0, 1, 0
1, 0, 0
0, 0, 0
1, 1, 1
1, 1, 0
1, 0, 1
0, 2, 0
2, 0, 1
0, 0, 1
0, 1, 0
0, 0, 0
0, 0, 0
0, 1, 0
1, 1, 1
1, 0, 1
0, 2, 0
1, 0, 1
0, 1, 1
1, 1, 1
0, 0, 0
0, 0, 1
0, 1, 0
0, 0, 0
0, 0, 0
0, 2, 0
2, 0, 2
0, 1, 0
1, 1, 1
1, 1, 1
1, 0, 2
0, 1, 0
0, 0, 0
0, 0, 0
0, 1, 0
1, 0, 1
0, 0, 0
1, 0, 1
1, 1, 1
1, 0, 1
0, 2, 0
2, 0, 1
0, 0, 1
0, 1, 0
1, 0, 0
0, 0, 0
0, 1, 0
1, 1, 1
1, 0, 1
0, 2, 0
1, 0, 1
0, 1, 1
1, 1, 1
0, 0, 0
1, 0, 1
0, 1, 0
0, 0, 0
0, 0, 1
0, 2, 0
2, 0, 1
0, 1, 0
1, 1, 1
0, 1, 0
1, 0, 2
0, 1, 0
0, 0, 0
0, 0, 0
0, 1, 0
1, 0, 1
0, 1, 0
1, 1, 1
1, 1, 0
1, 0, 2
0, 2, 0
1, 0, 1
1, 1, 1
1, 0, 1
0, 2, 0
2, 0, 2
0, 1, 0
1, 1, 0
1, 0, 1
0, 0, 0
0, 1, 0
1, 0, 1
1, 0, 1
0, 2, 0
2, 0, 2
0, 1, 0
1, 1, 1
1, 0, 0
0, 0, 0
0, 1, 0
1, 0, 1
0, 0, 0
0, 0, 0
2, 0, 2
0, 1, 0
1, 0, 1
1, 1, 1
1, 0, 1
0, 1, 0
1, 0, 1
0, 0, 0
0, 1, 0
1, 0, 1
0, 0, 0
1, 1, 1
1, 1, 0
1, 0, 1
0, 2, 0
2, 0, 1
0, 1, 1
1, 1, 0
0, 0, 0
0, 0, 1
0, 1, 0
0, 0, 0
0, 0, 0
0, 2, 0
2, 0, 2
0, 1, 0
1, 1, 1
1, 1, 0
1, 0, 2
0, 1, 0
0, 0, 0
0, 0, 0
0, 1, 0
1, 0, 1
0, 1, 0
1, 1, 1
1, 1, 0
1, 0, 1
0, 2, 0
1, 0, 0
0, 0, 1
0, 1, 0
1, 0, 0
0, 0, 0
1, 1, 1
1, 1, 1
1, 0, 2
0, 2, 0
1, 0, 1
0, 0, 1
0, 1, 0
0, 0, 0
0, 0, 0
0, 1, 0
1, 1, 1
1, 0, 1
0, 2, 0
2, 0, 1
0, 1, 1
1, 1, 0
0, 0, 0
0, 0, 1
0, 1, 0
1, 0, 0
0, 0, 0
0, 2, 0
2, 0, 2
0, 1, 0
1, 1, 1
1, 1, 0
1, 0, 0
0, 1, 0
1, 0, 0
0, 0, 0
0, 1, 0
1, 0, 1
0, 1, 0
1, 0, 1
1, 1, 1
1, 0, 1
0, 2, 0
2, 0, 0
0, 0, 0
0, 1, 0
1, 0, 1
0, 0, 0
1, 1, 1
1, 1, 0
1, 0, 1
0, 2, 0
2, 0, 1
0, 0, 1
0, 1, 0
1, 0, 0
0, 0, 0
0, 1, 0
1, 1, 1
1, 0, 1
0, 2, 0
2, 0, 1
0, 1, 1
1, 1, 0
0, 0, 0
0, 0, 1
0, 1, 0
1, 0, 0
0, 0, 0
0, 2, 0
2, 0, 2
0, 1, 0
1, 1, 0
1, 0, 1
0, 0, 0
0, 1, 0
1, 0, 1
0, 0, 0
0, 1, 0
2, 0, 2
0, 1, 0
1, 0, 1
0, 1, 0
0, 0, 0
0, 0, 0
0, 1, 0
2, 0, 2
0, 2, 0
1, 0, 1
0, 1, 0
1, 1, 1
0, 1, 0
1, 0, 1
0, 2, 0
2, 0, 2
0, 1, 0
1, 0, 1
1, 1, 1
1, 0, 0
0, 0, 0
0, 0, 1
0, 1, 0
1, 0, 1
0, 0, 0
0, 0, 0
0, 0, 1
0, 1, 0
1, 0, 0
0, 0, 0
0, 0, 1
0, 1, 1
1, 1, 1
0, 1, 0
1, 0, 1
0, 2, 0
2, 0, 1
0, 1, 0
1, 1, 1
1, 1, 1
1, 0, 1
0, 2, 0
2, 0, 2
0, 1, 0
1, 0, 1
1, 1, 1
1, 0, 1
0, 1, 0
2, 0, 2
0, 2, 0
1, 0, 1
0, 0, 1
1, 1, 0
1, 0, 0
0, 0, 0
0, 0, 0
1, 0, 1
0, 1, 0
0, 0, 0
0, 0, 0
0, 0, 0
0, 0, 1
0, 1, 0
2, 0, 2
0, 1, 0
1, 0, 1
1, 1, 1
1, 1, 1
0, 1, 0
2, 0, 2
0, 2, 0
1, 0, 1
0, 1, 1
1, 1, 1
0, 1, 0
1, 0, 2
0, 1, 0
2, 0, 0
0, 0, 0
0, 0, 0
0, 0, 1
0, 1, 0
1, 0, 1
0, 0, 0
0, 0, 0
0, 0, 0
0, 1, 0
1, 0, 1
0, 0, 0
0, 0, 0
0, 0, 0
0, 0, 0
0, 0, 1
0, 2, 0
2, 0, 0
0, 1, 0
1, 0, 1
1, 1, 1
1, 0, 1
0, 1, 0
2, 0, 2
0, 2, 0
1, 0, 1
1, 1, 1
1, 1, 1
0, 1, 0
1, 0, 2
0, 2, 0
2, 0, 1
0, 1, 0
1, 1, 0
1, 0, 1
0, 0, 0
0, 0, 0
1, 0, 1
0, 1, 0
0, 0, 0
0, 0, 0
0, 0, 0
0, 0, 1
0, 1, 0
1, 0, 0
0, 0, 0
0, 0, 0
0, 0, 1
0, 1, 0
1, 1, 0
1, 0, 1
0, 2, 0
2, 0, 2
0, 1, 0
1, 0, 1
0, 1, 1
1, 1, 1
0, 1, 0
1, 0, 2
0, 2, 0
2, 0, 1
0, 1, 1
1, 1, 0
1, 0, 0
0, 0, 0
0, 0, 0
0, 0, 1
0, 1, 0
1, 0, 1
0, 0, 0
0, 0, 0
0, 0, 1
0, 1, 0
1, 0, 1
0, 0, 0
0, 0, 0
0, 0, 1
0, 1, 0
1, 0, 0
0, 0, 0
0, 1, 0
1, 0, 2
0, 2, 0
2, 0, 1
0, 1, 0
1, 1, 1
1, 1, 0
1, 0, 1
0, 2, 0
2, 0, 2
0, 1, 0
1, 0, 1
1, 1, 1
1, 1, 1
0, 1, 0
2, 0, 1
0, 1, 0
1, 0, 0
0, 0, 0
0, 0, 0
1, 0, 1
0, 1, 0
0, 0, 0
0, 0, 0
0, 0, 0
0, 0, 1
0, 1, 0
1, 0, 1
0, 0, 0
0, 1, 0
1, 0, 2
0, 2, 0
2, 0, 1
0, 1, 0
1, 1, 1
1, 1, 1
1, 0, 1
0, 2, 0
2, 0, 2
0, 1, 0
1, 0, 1
1, 1, 1
1, 0, 1
0, 0, 0
1, 0, 1
0, 1, 0
0, 0, 0
0, 0, 0
0, 1, 0
1, 0, 1
0, 1, 0
0, 0, 0
0, 0, 0
0, 0, 0
0, 0, 1
0, 1, 0
1, 1, 1
1, 0, 1
0, 2, 0
2, 0, 2
0, 1, 0
1, 0, 1
1, 1, 1
1, 0, 1
0, 1, 0
2, 0, 2
0, 2, 0
1, 0, 1
1, 0, 1
0, 1, 0
0, 0, 0
0, 0, 0
0, 0, 0
1, 0, 1
0, 1, 0
1, 0, 0
0, 0, 0
0, 0, 0
0, 0, 1
0, 1, 0
1, 0, 1
0, 0, 0
0, 0, 0
0, 0, 1
0, 1, 0
1, 0, 1
1, 0, 1
0, 2, 0
2, 0, 2
0, 1, 0
1, 0, 1
1, 1, 1
1, 1, 1
0, 1, 0
2, 0, 2
0, 2, 0
1, 0, 1
0, 1, 1
1, 1, 1
0, 1, 0
1, 0, 1
0, 1, 0
1, 0, 1
0, 0, 0
0, 0, 0
1, 0, 1
0, 1, 0
1, 0, 0
0, 0, 0
0, 0, 0
0, 0, 1
0, 1, 0
1, 0, 1
1, 0, 1
0, 2, 0
2, 0, 2
0, 1, 0
1, 0, 1
1, 1, 1
1, 0, 1
0, 1, 0
2, 0, 2
0, 2, 0
1, 0, 1
0, 1, 1
1, 1, 1
1, 1, 0
1, 0, 0
0, 1, 0
1, 0, 1
0, 0, 0
0, 0, 0
0, 0, 0
0, 1, 0
1, 0, 1
0, 0, 0
0, 0, 0
0, 0, 0
0, 0, 0
1, 0, 1
0, 1, 0
0, 1, 0
1, 0, 1
0, 2, 0
2, 0, 2
0, 1, 0
1, 0, 1
1, 1, 1
1, 0, 1
0, 1, 0
2, 0, 2
0, 2, 0
1, 0, 1
0, 0, 1
0, 1, 0
1, 0, 0
0, 0, 0
0, 0, 0
0, 0, 1
0, 1, 0
1, 0, 1
0, 0, 0
0, 0, 0
0, 0, 0
0, 0, 0
1, 0, 1
0, 1, 0
1, 0, 0
0, 1, 0
1, 0, 1
1, 1, 1
1, 0, 1
0, 2, 0
2, 0, 2
0, 1, 0
1, 0, 1
1, 1, 1
1, 0, 1
0, 1, 0
1, 0, 2
0, 1, 0
1, 0, 1
0, 0, 0
0, 1, 0
1, 0, 1
0, 0, 0
0, 0, 0
0, 0, 0
0, 0, 0
1, 0, 1
0, 1, 0
0, 0, 0
0, 0, 0
0, 1, 0
1, 0, 1
0, 1, 0
0, 0, 0
0, 0, 0
0, 0, 0
1, 0, 1
0, 1, 0
0, 0, 0
0, 0, 0
0, 0, 0
0, 0, 1
0, 1, 0
2, 0, 0
0, 1, 0
1, 0, 1
1, 1, 1
1, 0, 1
0, 1, 0
2, 0, 2
0, 2, 0
1, 0, 1
0, 1, 1
1, 1, 1
0, 1, 0
1, 0, 1
0, 2, 0
2, 0, 2
0, 0, 0
0, 0, 0
0, 0, 0
0, 1, 0
1, 0, 1
0, 1, 0
0, 0, 0
0, 0, 0
0, 0, 0
0, 0, 1
0, 1, 0
1, 0, 0
0, 0, 0
0, 0, 0
0, 0, 0
0, 0, 0
1, 0, 2
0, 2, 0
2, 0, 1
0, 1, 0
1, 1, 1
1, 1, 0
1, 0, 2
0, 2, 0
2, 0, 1
0, 1, 0
1, 0, 1
1, 1, 1
1, 0, 1
0, 1, 0
2, 0, 2
0, 2, 0
1, 0, 0
0, 0, 1
0, 1, 0
1, 0, 1
0, 0, 0
0, 0, 0
0, 0, 1
0, 1, 0
1, 0, 1
0, 0, 0
0, 0, 0
0, 0, 1
0, 1, 0
1, 0, 1
0, 0, 0
0, 0, 0
1, 0, 1
0, 1, 0
1, 0, 0
0, 0, 0
0, 0, 0
1, 0, 1
0, 1, 0
0, 0, 1
0, 1, 1
1, 1, 1
0, 1, 0
1, 0, 2
0, 2, 0
2, 0, 1
0, 1, 0
1, 1, 1
1, 1, 1
1, 0, 1
0, 2, 0
2, 0, 2
0, 0, 0
1, 0, 0
0, 0, 1
0, 1, 0
1, 0, 0
0, 0, 0
0, 0, 0
0, 0, 1
0, 1, 0
1, 0, 1
0, 0, 0
0, 0, 0
0, 0, 0
0, 0, 0
1, 0, 1
0, 1, 0
1, 0, 0
0, 0, 0
1, 0, 0
1, 1, 1
1, 0, 1
0, 1, 0
2, 0, 2
0, 2, 0
2, 0, 1
0, 1, 1
1, 1, 1
0, 1, 0
1, 0, 2
0, 2, 0
2, 0, 1
0, 0, 0
1, 0, 0
1, 0, 1
0, 0, 0
0, 0, 0
0, 0, 0
0, 0, 0
0, 0, 1
0, 1, 0
1, 0, 0
0, 0, 0
0, 0, 0
0, 0, 1
0, 1, 0
1, 0, 1
0, 0, 0
0, 0, 0
0, 0, 1
0, 1, 0
1, 0, 1
0, 0, 0
0, 0, 0
0, 0, 0
0, 2, 0
2, 0, 2
0, 2, 0
1, 0, 1
1, 1, 1
1, 1, 1
0, 1, 0
1, 0, 2
0, 2, 0
2, 0, 1
0, 1, 0
1, 1, 1
1, 1, 1
1, 0, 1
1, 0, 2
0, 1, 0
1, 0, 1
1, 1, 1
1, 0, 1
0, 1, 0
1, 0, 2
0, 2, 0
2, 0, 1
0, 1, 0
1, 1, 1
1, 1, 0
1, 0, 1
0, 2, 0
2, 0, 2
0, 1, 0
1, 0, 1
1, 1, 1
1, 1, 1
0, 1, 0
1, 0, 2
0, 1, 0
2, 0, 0
0, 0, 0
0, 1, 0
1, 0, 1
0, 0, 0
0, 0, 0
0, 0, 0
0, 1, 0
1, 0, 1
0, 0, 0
0, 0, 0
0, 0, 0
0, 0, 0
1, 0, 1
0, 1, 0
0, 0, 0
0, 0, 0
0, 0, 0
0, 0, 1
0, 1, 0
1, 0, 1
0, 0, 0
0, 0, 0
0, 0, 1
0, 1, 0
1, 0, 2
0, 1, 0
1, 0, 1
1, 1, 1
1, 1, 1
0, 1, 0
2, 0, 2
0, 2, 0
2, 0, 1
0, 1, 1
1, 1, 1
0, 1, 0
1, 0, 1
0, 2, 0
2, 0, 2
0, 1, 0
1, 0, 1
1, 1, 1
1, 1, 1
0, 0, 0
0, 0, 1
0, 1, 0
1, 0, 0
0, 0, 0
0, 0, 0
1, 0, 1
0, 1, 0
0, 0, 0
0, 0, 0
0, 0, 0
0, 0, 1
0, 1, 0
1, 0, 1
0, 0, 0
0, 0, 0
0, 0, 1
0, 2, 0
2, 0, 2
0, 1, 0
1, 0, 1
1, 1, 1
1, 0, 1
0, 1, 0
2, 0, 2
0, 2, 0
1, 0, 1
0, 1, 1
1, 1, 1
0, 1, 0
1, 0, 1
0, 1, 0
1, 0, 0
0, 0, 0
0, 0, 0
0, 0, 1
0, 1, 0
1, 0, 1
0, 0, 0
0, 0, 0
0, 0, 0
0, 0, 0
0, 0, 1
1, 1, 1
0, 1, 0
1, 0, 1
0, 2, 0
2, 0, 2
0, 1, 0
1, 0, 1
1, 1, 1
1, 1, 1
0, 1, 0
2, 0, 2
0, 2, 0
1, 0, 1
1, 0, 1
0, 1, 0
1, 0, 0
0, 0, 0
0, 0, 0
0, 0, 1
0, 1, 0
1, 0, 0
0, 0, 0
0, 0, 0
0, 0, 0
0, 1, 0
1, 0, 1
0, 0, 0
0, 0, 0
0, 0, 4
0, 0, 0
1, 0, 1
0, 1, 0
1, 0, 0
0, 0, 0
0, 0, 0
1, 0, 1
0, 2, 0
0, 0, 1
0, 2, 0
2, 0, 2
0, 1, 0
1, 0, 1
1, 1, 1
1, 0, 1
0, 1, 0
2, 0, 2
0, 2, 0
1, 0, 1
0, 1, 1
1, 1, 1
0, 0, 4
0, 0, 0
0, 0, 0
1, 0, 1
0, 1, 0
0, 0, 0
0, 0, 1
0, 1, 0
1, 0, 1
0, 0, 0
0, 0, 0
0, 0, 1
0, 1, 0
1, 0, 0
0, 0, 0
0, 1, 0
2, 0, 2
0, 2, 0
0, 1, 0
1, 0, 1
0, 0, 0
0, 0, 1
1, 1, 1
1, 0, 0
0, 1, 0
1, 0, 2
0, 2, 0
2, 0, 1
4, 0, 0
0, 0, 0
1, 0, 1
0, 1, 1
0, 1, 0
2, 0, 2
0, 2, 0
2, 0, 1
0, 1, 0
1, 1, 1
1, 1, 1
1, 0, 1
0, 2, 0
2, 0, 2
0, 1, 0
1, 0, 1
1, 0, 1
0, 0, 0
0, 0, 0
1, 0, 1
0, 1, 0
0, 0, 0
1, 0, 1
0, 2, 0
2, 0, 2
0, 1, 0
1, 0, 1
1, 1, 1
1, 0, 1
0, 0, 0
1, 0, 1
0, 1, 0
1, 0, 0
0, 0, 0
0, 0, 0
0, 0, 1
0, 1, 0
1, 0, 1
0, 0, 0
0, 0, 0
0, 0, 0
0, 1, 0
1, 0, 1
0, 0, 0
0, 0, 0
0, 0, 0
0, 0, 0
1, 0, 2
0, 2, 0
2, 0, 1
0, 1, 0
1, 1, 1
1, 1, 1
1, 0, 1
0, 2, 0
2, 0, 2
0, 1, 0
1, 0, 1
1, 1, 1
1, 1, 1
0, 1, 0
1, 0, 2
0, 2, 0
1, 0, 1
0, 0, 0
1, 1, 0
1, 0, 1
0, 0, 0
0, 0, 0
0, 0, 1
0, 1, 0
1, 0, 0
0, 0, 0
0, 0, 0
0, 0, 1
0, 1, 0
1, 0, 1
0, 1, 0
1, 0, 1
1, 1, 1
1, 0, 1
0, 1, 0
2, 0, 2
0, 2, 0
1, 0, 1
0, 1, 1
1, 1, 1
0, 1, 0
1, 0, 1
0, 2, 0
2, 0, 1
0, 0, 0
0, 0, 0
1, 0, 1
0, 1, 0
0, 0, 0
0, 0, 0
0, 0, 0
0, 0, 1
0, 1, 0
1, 0, 1
0, 0, 0
0, 0, 0
0, 0, 1
0, 1, 0
1, 0, 1
0, 0, 0
0, 0, 0
0, 0, 0
0, 1, 1
1, 1, 1
1, 0, 1
0, 2, 0
2, 0, 2
0, 1, 0
0, 0, 0
1, 0, 1
0, 1, 0
1, 0, 0
0, 0, 0
0, 0, 0
1, 0, 1
0, 1, 0
0, 0, 0
0, 0, 0
0, 0, 0
0, 0, 1
0, 1, 0
1, 0, 1
0, 0, 0
0, 1, 0
2, 0, 2
0, 2, 0
2, 0, 1
0, 1, 0
1, 1, 1
1, 1, 1
1, 0, 1
0, 2, 0
2, 0, 2
0, 1, 0
1, 0, 1
1, 1, 1
1, 0, 0
0, 0, 0
0, 0, 1
0, 1, 0
1, 0, 0
0, 0, 0
0, 0, 0
0, 0, 0
0, 1, 0
1, 0, 1
0, 0, 0
0, 0, 0
0, 0, 0
0, 0, 0
1, 0, 1
0, 1, 0
0, 0, 0
0, 0, 0
0, 0, 0
1, 0, 1
0, 1, 0
1, 0, 1
0, 1, 1
1, 1, 1
0, 1, 0
1, 0, 1
0, 2, 0
2, 0, 2
0, 1, 0
1, 0, 1
1, 1, 1
1, 0, 1
0, 1, 0
2, 0, 1
0, 1, 0
0, 0, 0
0, 0, 1
0, 3, 1
1, 0, 1
0, 1, 0
2, 0, 1
0, 0, 0
0, 0, 0
0, 0, 1
0, 1, 0
1, 0, 1
0, 0, 0
0, 0, 0
0, 0, 1
0, 1, 0
1, 0, 1
0, 0, 0
0, 1, 0
1, 0, 2
0, 2, 0
2, 0, 1
0, 1, 1
1, 1, 1
1, 1, 0
1, 0, 1
0, 2, 0
2, 0, 1
0, 1, 0
1, 1, 1
1, 1, 1
1, 0, 1
0, 1, 0
2, 0, 2
0, 2, 0
1, 0, 0
0, 0, 1
0, 1, 0
1, 0, 0
0, 0, 0
0, 0, 0
1, 0, 1
0, 1, 0
0, 0, 0
0, 0, 0
0, 0, 0
0, 0, 1
0, 1, 0
1, 0, 1
0, 0, 0
1, 0, 1
1, 1, 1
1, 1, 1
0, 1, 0
2, 0, 2
0, 2, 0
2, 0, 1
0, 1, 0
1, 1, 1
1, 1, 0
1, 0, 1
0, 1, 0
1, 0, 1
0, 0, 0
0, 0, 0
0, 0, 1
0, 1, 0
1, 0, 1
0, 0, 0
0, 0, 0
0, 0, 1
0, 1, 0
1, 0, 1
0, 0, 0
0, 0, 0
0, 0, 0
0, 1, 0
1, 0, 2
0, 1, 0
1, 0, 1
1, 1, 1
1, 0, 1
0, 1, 0
2, 0, 2
0, 2, 0
1, 0, 1
0, 1, 1
1, 1, 1
0, 1, 0
1, 0, 2
0, 2, 0
2, 0, 1
0, 0, 0
1, 0, 0
1, 0, 1
0, 1, 0
0, 0, 0
0, 0, 1
0, 1, 0
1, 0, 1
0, 0, 0
0, 0, 0
0, 0, 1
0, 1, 0
1, 0, 1
0, 0, 0
0, 0, 0
0, 0, 1
0, 1, 0
1, 0, 1
0, 0, 0
0, 1, 0
2, 0, 2
0, 2, 0
1, 0, 1
0, 1, 0
1, 1, 1
1, 1, 0
1, 0, 1
0, 2, 0
2, 0, 2
0, 1, 0
1, 0, 1
1, 1, 1
1, 1, 1
0, 1, 0
2, 0, 1
0, 1, 0
0, 0, 0
0, 0, 0
0, 1, 0
1, 0, 1
0, 0, 0
0, 0, 0
0, 2, 0
2, 0, 2
0, 1, 0
1, 0, 1
1, 1, 1
1, 0, 1
0, 1, 0
2, 0, 2
0, 1, 0
0, 0, 0
0, 0, 0
0, 1, 0
1, 0, 1
0, 1, 0
1, 1, 1
1, 0, 1
0, 1, 0
2, 0, 2
0, 2, 0
1, 0, 1
0, 1, 1
1, 1, 0
1, 0, 1
0, 0, 0
0, 0, 0
1, 0, 1
0, 1, 0
0, 0, 0
0, 0, 0
0, 1, 0
1, 0, 2
0, 2, 0
1, 0, 1
1, 1, 1
1, 1, 1
0, 1, 0
1, 0, 2
0, 6, 0
2, 0, 2
0, 1, 0
1, 0, 0
1, 0, 1
0, 1, 0
0, 0, 0
1, 0, 1
0, 1, 0
0, 0, 0
0, 0, 0
0, 0, 0
0, 0, 1
0, 1, 0
1, 0, 1
0, 1, 0
1, 0, 1
1, 1, 1
1, 0, 1
0, 1, 0
2, 0, 2
0, 2, 0
1, 0, 1
1, 1, 1
1, 1, 1
0, 1, 0
1, 0, 2
0, 2, 0
2, 0, 0
0, 0, 0
0, 0, 0
0, 0, 1
0, 1, 0
1, 0, 1
0, 0, 0
0, 0, 0
0, 0, 0
1, 1, 1
1, 1, 0
1, 0, 1
0, 2, 0
2, 0, 1
0, 1, 0
1, 0, 1
1, 1, 1
1, 0, 1
0, 2, 0
2, 0, 2
0, 0, 0
1, 0, 0
0, 0, 0
0, 1, 0
1, 0, 1
0, 0, 0
0, 0, 0
0, 0, 0
0, 0, 0
1, 0, 1
0, 1, 0
1, 0, 0
0, 0, 0
0, 0, 0
0, 0, 1
0, 1, 0
1, 0, 1
0, 0, 0
1, 1, 1
1, 1, 1
1, 0, 1
0, 2, 0
2, 0, 2
0, 1, 0
1, 0, 1
1, 1, 1
1, 1, 1
0, 1, 0
2, 0, 2
0, 2, 0
1, 0, 0
0, 0, 1
0, 1, 0
1, 0, 1
0, 0, 0
0, 0, 0
0, 0, 1
0, 1, 0
1, 0, 0
0, 0, 0
0, 0, 0
0, 0, 1
0, 1, 0
1, 0, 1
0, 1, 0
1, 0, 1
1, 1, 1
1, 0, 1
0, 1, 0
2, 0, 2
0, 2, 0
1, 0, 1
1, 1, 1
1, 1, 1
0, 1, 0
1, 0, 2
0, 2, 0
2, 0, 0
0, 0, 0
1, 0, 0
1, 0, 1
0, 1, 0
0, 0, 0
0, 0, 0
0, 0, 0
1, 0, 1
0, 1, 0
1, 0, 0
0, 0, 0
0, 0, 0
0, 0, 1
0, 1, 0
1, 0, 0
0, 0, 0
1, 0, 1
1, 1, 1
1, 0, 1
0, 1, 0
2, 0, 2
0, 2, 0
1, 0, 1
0, 1, 1
1, 1, 1
0, 1, 0
1, 0, 2
0, 2, 0
1, 0, 0
0, 0, 0
0, 0, 0
0, 0, 1
0, 1, 0
1, 0, 1
0, 0, 0
0, 0, 0
0, 0, 1
0, 1, 0
1, 0, 1
1, 0, 1
0, 1, 0
2, 0, 2
0, 1, 0
1, 0, 1
1, 1, 1
1, 1, 1
0, 1, 0
1, 0, 2
0, 2, 0
2, 0, 1
0, 1, 0
1, 1, 1
1, 1, 0
1, 0, 1
0, 2, 0
2, 0, 1
0, 0, 0
0, 0, 0
0, 0, 1
0, 1, 0
1, 0, 0
0, 0, 0
0, 0, 0
0, 0, 1
0, 1, 0
1, 0, 1
0, 0, 0
0, 0, 0
0, 0, 0
0, 2, 0
2, 0, 2
0, 2, 0
1, 0, 1
0, 1, 1
1, 1, 1
0, 1, 0
1, 0, 1
0, 2, 0
2, 0, 2
0, 1, 0
1, 0, 1
1, 0, 1
0, 1, 0
0, 0, 0
0, 0, 0
0, 0, 0
1, 0, 1
0, 1, 0
0, 0, 0
0, 0, 0
0, 0, 0
0, 0, 1
0, 1, 0
1, 0, 1
0, 1, 0
1, 0, 1
1, 1, 1
1, 0, 1
0, 1, 0
2, 0, 2
0, 2, 0
1, 0, 1
0, 1, 1
1, 1, 1
0, 1, 0
1, 0, 1
0, 2, 0
2, 0, 2
0, 1, 0
1, 0, 0
1, 0, 1
0, 0, 0
0, 0, 0
0, 0, 0
0, 0, 0
0, 0, 1
0, 1, 0
1, 0, 1
0, 0, 0
0, 0, 0
0, 0, 1
0, 1, 0
1, 0, 1
0, 1, 0
1, 0, 1
1, 1, 1
1, 0, 1
0, 1, 0
2, 0, 2
0, 2, 0
1, 0, 1
1, 1, 1
1, 1, 1
0, 1, 0
1, 0, 2
0, 2, 0
2, 0, 1
0, 1, 0
1, 1, 0
1, 0, 1
0, 0, 0
0, 0, 0
1, 0, 1
0, 1, 0
0, 0, 0
0, 0, 0
0, 0, 0
0, 0, 1
0, 1, 0
1, 0, 0
0, 0, 0
0, 0, 0
0, 0, 1
0, 1, 0
1, 0, 1
0, 0, 0
0, 0, 0
0, 0, 0
0, 1, 0
1, 0, 1
0, 1, 0
1, 0, 0
1, 1, 1
1, 0, 1
0, 1, 0
1, 0, 2
0, 2, 0
2, 0, 1
0, 1, 0
1, 0, 1
1, 1, 1
1, 0, 1
0, 1, 0
2, 0, 2
0, 1, 0
1, 0, 0
0, 0, 0
0, 0, 0
1, 0, 1
0, 1, 0
0, 0, 0
0, 0, 0
0, 0, 0
0, 0, 1
0, 1, 0
1, 0, 0
0, 0, 0
0, 0, 0
0, 0, 1
0, 1, 0
1, 0, 1
0, 1, 0
1, 0, 1
1, 1, 1
1, 0, 1
0, 1, 0
2, 0, 2
0, 2, 0
1, 0, 1
0, 1, 1
1, 1, 1
0, 1, 0
1, 0, 1
0, 1, 0
2, 0, 1
0, 0, 0
0, 0, 0
0, 0, 1
0, 1, 0
1, 0, 1
0, 0, 0
0, 0, 0
0, 0, 1
0, 1, 0
1, 0, 1
0, 0, 0
0, 0, 0
0, 0, 1
0, 1, 0
1, 0, 1
0, 0, 0
0, 0, 0
0, 1, 1
1, 1, 1
0, 1, 0
1, 0, 1
0, 2, 0
2, 0, 2
0, 1, 0
1, 0, 1
1, 1, 1
1, 0, 1
0, 1, 0
2, 0, 2
0, 2, 0
1, 0, 1
0, 0, 0
0, 0, 0
1, 0, 1
0, 1, 0
0, 0, 0
0, 0, 0
0, 0, 0
0, 0, 1
0, 1, 0
1, 0, 1
0, 0, 0
0, 0, 0
0, 0, 1
0, 1, 0
1, 0, 1
0, 0, 0
0, 0, 0
0, 1, 1
1, 1, 1
0, 1, 0
1, 0, 1
0, 2, 0
2, 0, 2
0, 1, 0
1, 0, 1
1, 1, 1
1, 0, 1
0, 1, 0
2, 0, 2
0, 2, 0
1, 0, 0
0, 0, 0
0, 1, 0
1, 0, 1
0, 0, 0
0, 0, 0
0, 0, 0
0, 0, 0
1, 0, 1
0, 1, 0
0, 0, 0
0, 0, 0
0, 0, 0
0, 0, 1
0, 1, 0
1, 0, 1
0, 0, 0
1, 0, 0
0, 1, 0
1, 1, 1
1, 1, 0
1, 0, 1
0, 2, 0
2, 0, 2
0, 1, 0
1, 0, 1
1, 1, 1
1, 0, 1
0, 1, 0
1, 0, 2
0, 2, 0
2, 0, 1
0, 1, 0
1, 1, 1
1, 1, 0
1, 0, 1
0, 1, 0
1, 0, 1
0, 1, 0
0, 0, 0
0, 0, 0
0, 1, 0
1, 0, 1
0, 0, 0
0, 0, 0
0, 0, 0
0, 0, 0
1, 0, 1
0, 1, 0
0, 0, 0
0, 0, 0
0, 0, 0
0, 0, 2
0, 2, 0
2, 0, 2
0, 1, 0
1, 0, 1
1, 1, 1
1, 0, 1
0, 1, 0
2, 0, 2
0, 2, 0
1, 0, 1
0, 1, 1
1, 1, 1
0, 1, 0
1, 0, 1
0, 2, 0
2, 0, 2
0, 0, 0
0, 0, 0
0, 0, 0
0, 0, 0
1, 0, 1
0, 1, 0
0, 0, 0
0, 0, 0
0, 0, 0
0, 0, 1
0, 1, 0
1, 0, 1
0, 0, 0
0, 0, 0
0, 0, 0
0, 0, 0
0, 0, 1
0, 1, 0
1, 0, 0
0, 1, 0
1, 1, 1
1, 1, 1
1, 0, 1
0, 2, 0
2, 0, 2
0, 1, 0
1, 0, 1
1, 1, 1
1, 1, 1
0, 1, 0
1, 0, 2
0, 2, 0
2, 0, 1
0, 1, 0
1, 1, 0
1, 0, 1
0, 0, 0
0, 0, 0
0, 0, 1
0, 1, 0
1, 0, 0
0, 0, 0
0, 0, 0
1, 0, 1
0, 1, 0
1, 0, 0
0, 0, 0
0, 0, 0
0, 1, 0
1, 0, 0
0, 0, 0
0, 0, 0
0, 0, 1
0, 1, 0
1, 0, 0
0, 0, 0
1, 0, 1
1, 1, 1
1, 0, 1
0, 1, 0
2, 0, 2
0, 2, 0
1, 0, 1
0, 1, 1
1, 1, 1
0, 1, 0
1, 0, 1
0, 2, 0
2, 0, 2
0, 1, 0
1, 0, 0
1, 0, 1
0, 1, 0
0, 0, 0
0, 0, 0
0, 0, 0
0, 0, 1
0, 1, 0
1, 0, 1
0, 0, 0
0, 1, 0
1, 0, 0
0, 2, 0
2, 0, 2
0, 1, 0
1, 0, 1
1, 1, 1
1, 1, 1
0, 1, 0
2, 0, 2
0, 2, 0
1, 0, 1
0, 1, 1
1, 1, 1
0, 1, 0
1, 0, 0
0, 1, 0
1, 0, 1
0, 0, 0
0, 0, 0
0, 0, 1
0, 1, 0
1, 0, 1
0, 0, 0
0, 0, 0
0, 0, 0
0, 0, 0
0, 0, 1
0, 1, 0
1, 0, 1
0, 0, 0
0, 0, 0
0, 0, 1
0, 1, 0
2, 0, 2
0, 1, 0
1, 0, 1
1, 1, 1
1, 0, 1
0, 1, 0
1, 0, 2
0, 2, 0
2, 0, 1
0, 1, 1
1, 1, 1
1, 0, 0
1, 0, 0
0, 1, 0
1, 0, 1
0, 0, 0
0, 0, 0
0, 0, 0
0, 0, 0
0, 0, 1
0, 1, 0
1, 0, 1
0, 23, 0
1, 0, 1
0, 1, 0
2, 0, 2
0, 2, 0
1, 0, 0
0, 0, 1
0, 1, 0
1, 0, 1
0, 0, 0
0, 0, 0
0, 0, 1
0, 1, 0
1, 0, 1
0, 0, 0
0, 0, 0
0, 0, 0
0, 1, 0
1, 0, 1
0, 0, 0
0, 0, 0
0, 1, 0
1, 1, 1
1, 1, 0
1, 0, 1
0, 2, 0
2, 0, 2
0, 1, 0
1, 0, 1
1, 1, 1
1, 1, 1
0, 1, 0
1, 0, 2
0, 2, 0
2, 0, 1
0, 0, 0
0, 1, 0
1, 0, 1
0, 0, 0
0, 0, 0
0, 0, 0
0, 0, 0
1, 0, 1
0, 1, 0
0, 0, 0
0, 0, 0
0, 0, 0
0, 0, 1
0, 1, 0
1, 0, 0
0, 0, 0
0, 0, 0
0, 1, 1
0, 1, 0
1, 1, 0
1, 0, 1
0, 2, 0
2, 0, 2
0, 1, 0
1, 0, 1
1, 1, 1
1, 1, 1
0, 1, 0
1, 0, 2
0, 2, 0
0, 0, 0
0, 0, 0
0, 0, 0
0, 0, 1
0, 1, 0
1, 0, 1
0, 0, 0
0, 0, 0
0, 0, 1
0, 1, 0
1, 0, 1
0, 0, 0
0, 0, 0
0, 0, 0
0, 2, 0
2, 0, 2
0, 1, 0
1, 0, 1
1, 1, 1
1, 1, 1
0, 1, 0
1, 0, 2
0, 2, 0
2, 0, 0
0, 0, 0
0, 0, 0
0, 0, 1
0, 1, 0
1, 0, 1
0, 0, 0
0, 0, 0
0, 0, 1
0, 1, 0
1, 0, 1
0, 0, 0
0, 1, 0
2, 0, 2
0, 2, 0
1, 0, 1
0, 1, 1
1, 1, 1
0, 1, 0
1, 0, 2
0, 2, 0
2, 0, 2
0, 1, 0
1, 0, 1
1, 1, 1
1, 0, 1
0, 1, 0
2, 0, 2
0, 2, 0
0, 0, 0
0, 0, 0
0, 1, 0
1, 0, 1
0, 1, 0
0, 0, 0
0, 0, 0
0, 0, 0
1, 0, 1
0, 1, 0
1, 2, 0
2, 0, 2
0, 2, 0
1, 0, 1
0, 1, 1
1, 1, 1
0, 1, 0
1, 0, 2
0, 2, 0
2, 0, 1
0, 1, 0
1, 1, 1
1, 0, 1
1, 0, 0
0, 1, 0
1, 0, 1
0, 0, 0
0, 0, 0
0, 0, 1
0, 1, 0
1, 0, 1
0, 0, 0
1, 0, 1
1, 1, 1
1, 0, 1
0, 1, 0
2, 0, 2
0, 2, 0
1, 0, 1
0, 1, 1
1, 1, 0
0, 0, 0
0, 0, 0
0, 0, 0
0, 0, 1
0, 1, 0
1, 0, 1
0, 0, 0
0, 0, 0
0, 0, 1
0, 1, 0
1, 0, 1
0, 1, 0
1, 0, 1
1, 1, 1
1, 0, 1
0, 1, 0
2, 0, 2
0, 2, 0
1, 0, 1
0, 1, 1
1, 1, 1
1, 1, 0
1, 0, 1
0, 2, 0
2, 0, 1
0, 0, 0
0, 0, 0
0, 0, 1
0, 1, 0
1, 0, 1
0, 0, 0
0, 0, 0
0, 0, 1
0, 1, 0
1, 0, 0
0, 0, 0
0, 0, 0
1, 0, 1
0, 2, 0
2, 0, 2
0, 1, 0
1, 0, 1
1, 1, 1
1, 0, 1
0, 1, 0
2, 0, 2
0, 2, 0
1, 0, 1
0, 1, 1
1, 1, 1
0, 1, 0
7, 0, 1
0, 1, 0
0, 0, 0
0, 0, 0
0, 0, 0
0, 0, 1
0, 1, 0
1, 0, 1
0, 0, 0
1, 0, 1
1, 1, 1
1, 0, 1
0, 1, 0
2, 0, 2
0, 2, 0
1, 0, 1
0, 1, 1
1, 1, 1
0, 1, 0
1, 0, 1
0, 2, 0
2, 0, 2
0, 1, 0
1, 0, 1
1, 1, 1
1, 0, 1
0, 1, 0
2, 0, 1
0, 1, 0
0, 0, 0
0, 0, 0
0, 1, 0
1, 0, 1
0, 0, 0
0, 0, 0
0, 0, 0
0, 0, 0
0, 0, 1
0, 1, 0
1, 0, 1
0, 0, 0
0, 0, 0
0, 0, 1
0, 1, 0
1, 0, 1
0, 0, 0
1, 0, 1
1, 1, 1
1, 0, 1
0, 1, 0
2, 0, 2
0, 2, 0
1, 0, 1
0, 1, 1
1, 1, 1
1, 1, 0
1, 0, 1
0, 2, 0
2, 0, 2
0, 0, 0
0, 0, 0
0, 0, 0
0, 1, 0
1, 0, 1
0, 1, 0
0, 0, 0
0, 0, 0
0, 0, 0
0, 0, 1
0, 1, 0
1, 0, 1
0, 0, 0
0, 0, 0
0, 0, 0
0, 1, 0
1, 0, 1
0, 2, 0
1, 0, 1
0, 1, 1
1, 1, 1
0, 1, 0
1, 0, 1
0, 2, 0
2, 0, 2
0, 1, 0
1, 0, 1
1, 1, 1
1, 0, 0
0, 0, 0
0, 0, 1
0, 1, 0
1, 0, 1
0, 0, 0
0, 0, 0
0, 0, 0
0, 1, 0
1, 0, 1
0, 1, 0
0, 0, 0
0, 1, 0
1, 1, 1
1, 1, 1
1, 0, 1
0, 2, 0
2, 0, 2
0, 1, 0
1, 0, 1
1, 1, 1
1, 1, 1
0, 1, 0
2, 0, 2
0, 2, 0
1, 0, 0
0, 0, 0
0, 1, 0
1, 0, 1
0, 0, 0
0, 0, 0
1, 0, 1
0, 1, 0
0, 1, 0
2, 0, 2
0, 2, 0
1, 0, 1
1, 1, 1
1, 0, 0
0, 0, 0
1, 0, 1
0, 1, 0
4, 1, 0
2, 0, 2
0, 1, 0
1, 0, 1
1, 0, 1
0, 0, 0
0, 0, 0
1, 1, 1
1, 0, 1
0, 2, 0
1, 0, 1
0, 0, 0
0, 0, 0
2, 0, 2
0, 1, 0
1, 1, 0
1, 0, 0
0, 0, 0
0, 0, 0
1, 0, 1
1, 0, 1
0, 2, 0
2, 0, 2
0, 0, 0
0, 0, 0
1, 0, 1
3, 2, 0
1, 0, 1
1, 1, 1
1, 0, 1
0, 2, 0
2, 0, 0
0, 0, 0
0, 0, 0
0, 0, 1
0, 1, 0
0, 0, 0
0, 1, 0
1, 1, 1
1, 1, 0
1, 0, 2
0, 2, 0
1, 0, 0
0, 0, 1
0, 1, 0
1, 0, 0
0, 0, 0
0, 1, 0
1, 1, 1
1, 0, 1
0, 2, 0
2, 0, 2
0, 0, 0
0, 1, 0
1, 0, 1
0, 0, 0
0, 0, 0
1, 0, 1
1, 1, 1
0, 1, 0
2, 0, 2
0, 1, 0
1, 0, 1
1, 1, 1
1, 0, 1
0, 1, 0
0, 0, 0
0, 0, 0
0, 1, 0
1, 0, 1
0, 1, 0
1, 1, 1
1, 1, 0
1, 0, 2
0, 2, 0
1, 0, 1
0, 0, 1
0, 1, 0
0, 0, 0
0, 0, 0
0, 1, 0
1, 1, 1
1, 0, 1
0, 2, 0
2, 0, 1
0, 0, 0
0, 0, 0
0, 0, 0
0, 1, 0
1, 0, 2
0, 2, 0
2, 0, 1
0, 1, 0
1, 1, 1
1, 1, 0
1, 0, 1
0, 2, 0
2, 0, 2
0, 1, 0
1, 0, 1
1, 1, 1
1, 0, 0
0, 0, 0
0, 0, 1
0, 1, 0
1, 0, 1
0, 0, 0
0, 0, 0
0, 0, 1
0, 1, 0
1, 0, 1
0, 0, 0
0, 0, 0
0, 0, 0
0, 1, 0
1, 0, 1
0, 0, 0
0, 0, 0
1, 0, 0
0, 2, 0
2, 0, 2
0, 2, 0
1, 0, 1
1, 1, 1
1, 0, 1
0, 1, 0
1, 0, 2
0, 2, 0
2, 0, 1
0, 1, 0
1, 1, 1
1, 0, 0
0, 0, 0
0, 0, 0
0, 0, 1
0, 1, 0
1, 0, 1
0, 0, 0
0, 0, 0
0, 0, 1
0, 1, 0
1, 0, 0
0, 0, 0
0, 0, 0
0, 0, 1
0, 1, 0
1, 0, 1
0, 0, 0
0, 0, 0
0, 0, 0
0, 1, 0
1, 0, 1
0, 0, 0
0, 0, 0
0, 1, 0
1, 1, 0
1, 1, 1
1, 0, 1
0, 2, 0
2, 0, 2
0, 1, 0
1, 0, 1
1, 1, 1
1, 0, 1
0, 1, 0
2, 0, 2
0, 2, 0
1, 0, 1
0, 1, 1
1, 1, 1
0, 1, 0
1, 0, 1
0, 2, 0
2, 0, 2
0, 1, 0
1, 0, 1
1, 1, 1
1, 1, 0
0, 0, 0
0, 0, 1
0, 1, 0
1, 0, 1
0, 0, 0
0, 0, 0
0, 0, 1
0, 1, 0
1, 0, 1
0, 0, 0
0, 0, 0
0, 0, 1
0, 1, 0
1, 0, 1
1, 0, 1
0, 2, 0
2, 0, 2
0, 1, 0
1, 0, 1
1, 1, 1
1, 0, 1
0, 1, 0
2, 0, 2
0, 2, 0
1, 0, 1
0, 1, 1
1, 1, 1
0, 1, 0
1, 0, 1
0, 2, 0
2, 0, 2
0, 0, 0
0, 0, 0
0, 0, 1
0, 1, 0
1, 0, 1
0, 0, 0
0, 0, 0
1, 0, 1
0, 1, 0
0, 0, 0
0, 0, 0
0, 0, 0
0, 0, 1
0, 1, 0
1, 0, 0
0, 0, 0
0, 0, 1
1, 1, 1
1, 1, 1
0, 1, 0
2, 0, 2
0, 2, 0
1, 0, 1
0, 1, 1
1, 1, 1
0, 1, 0
1, 0, 1
0, 2, 0
2, 0, 2
0, 1, 0
1, 0, 1
1, 0, 1
0, 0, 0
0, 0, 0
1, 0, 0
0, 1, 0
1, 0, 1
0, 1, 0
0, 0, 0
0, 0, 0
0, 0, 0
0, 0, 1
0, 1, 0
1, 0, 0
0, 0, 0
0, 0, 0
0, 0, 0
0, 1, 0
1, 0, 1
1, 1, 1
0, 1, 0
2, 0, 2
0, 2, 0
2, 0, 1
0, 1, 0
1, 1, 1
1, 1, 0
1, 0, 1
0, 2, 0
2, 0, 2
0, 1, 0
1, 0, 1
1, 1, 1
1, 0, 0
0, 0, 0
1, 0, 1
0, 1, 0
1, 0, 1
0, 0, 0
0, 0, 0
0, 0, 1
0, 1, 0
1, 0, 1
0, 0, 0
0, 0, 0
0, 0, 1
1, 1, 1
1, 1, 0
1, 0, 1
0, 2, 0
2, 0, 1
0, 1, 0
1, 0, 1
1, 1, 1
1, 0, 1
0, 1, 0
2, 0, 1
0, 1, 0
0, 0, 0
0, 0, 1
0, 1, 0
1, 0, 1
0, 0, 0
0, 0, 0
0, 0, 1
0, 1, 0
1, 0, 0
0, 0, 0
0, 0, 0
0, 0, 1
0, 1, 0
1, 0, 1
0, 0, 0
0, 0, 0
0, 1, 1
1, 1, 1
0, 1, 0
1, 0, 1
0, 2, 0
2, 0, 2
0, 1, 0
1, 0, 1
1, 1, 1
1, 0, 1
0, 1, 0
2, 0, 2
0, 2, 0
1, 0, 1
1, 0, 1
1, 1, 0
0, 0, 0
0, 0, 0
0, 1, 0
1, 0, 1
0, 1, 0
0, 0, 0
0, 0, 0
0, 0, 0
1, 0, 1
0, 1, 0
0, 0, 0
0, 0, 0
0, 0, 0
0, 0, 1
0, 1, 0
1, 1, 0
1, 0, 1
0, 2, 0
2, 0, 2
0, 1, 0
1, 0, 1
1, 1, 1
1, 1, 1
0, 1, 0
2, 0, 2
0, 2, 0
1, 0, 0
0, 0, 1
0, 1, 0
1, 0, 1
0, 0, 0
0, 0, 0
0, 0, 1
0, 1, 0
1, 0, 1
0, 0, 0
0, 0, 0
0, 0, 0
0, 2, 0
2, 0, 2
0, 1, 0
1, 0, 1
0, 1, 1
1, 1, 1
0, 0, 0
1, 0, 1
0, 1, 0
1, 0, 0
0, 0, 0
0, 0, 0
0, 0, 1
0, 1, 0
1, 0, 1
0, 0, 0
0, 0, 0
0, 0, 1
0, 1, 0
1, 0, 0
0, 0, 0
0, 0, 0
0, 0, 0
0, 1, 0
2, 0, 2
0, 2, 0
1, 0, 1
0, 1, 1
1, 1, 1
0, 1, 0
1, 0, 2
0, 2, 0
2, 0, 1
0, 1, 0
1, 1, 1
1, 1, 1
1, 0, 1
0, 2, 0
2, 0, 2
0, 1, 0
1, 0, 1
1, 1, 1
1, 1, 1
0, 1, 0
2, 0, 1
0, 1, 0
0, 0, 0
0, 0, 0
0, 1, 0
1, 0, 1
0, 1, 0
0, 0, 0
0, 0, 0
0, 1, 0
1, 0, 1
0, 0, 0
0, 0, 0
0, 0, 0
0, 0, 0
1, 0, 1
0, 1, 0
0, 0, 0
0, 0, 0
0, 0, 1
0, 1, 1
1, 1, 1
0, 1, 0
1, 0, 1
0, 2, 0
1, 0, 1
0, 1, 0
1, 1, 1
1, 1, 0
1, 0, 1
0, 2, 0
2, 0, 2
0, 1, 0
1, 1, 1
1, 1, 1
1, 0, 1
0, 1, 0
1, 0, 1
0, 1, 0
0, 0, 0
0, 0, 0
0, 1, 0
1, 0, 1
0, 0, 0
0, 0, 0
0, 0, 0
0, 0, 0
1, 0, 1
0, 1, 0
0, 1, 0
1, 0, 1
0, 2, 0
2, 0, 2
0, 1, 0
1, 0, 1
1, 1, 1
1, 0, 1
0, 2, 0
2, 0, 2
0, 1, 0
1, 0, 1
1, 1, 1
1, 1, 1
0, 0, 0
0, 0, 1
0, 1, 0
1, 0, 1
0, 0, 0
0, 0, 0
0, 0, 1
0, 1, 0
1, 0, 0
0, 0, 0
0, 0, 0
0, 0, 1
0, 1, 0
1, 0, 1
0, 0, 0
0, 0, 0
0, 0, 0
0, 0, 0
0, 0, 1
0, 1, 0
2, 0, 2
0, 1, 0
1, 0, 1
1, 1, 1
1, 0, 1
0, 1, 0
2, 0, 2
0, 2, 0
1, 0, 1
0, 1, 1
1, 1, 1
0, 1, 0
1, 0, 2
0, 2, 0
2, 0, 1
0, 1, 0
1, 1, 1
1, 1, 1
1, 0, 1
0, 2, 0
2, 0, 2
0, 1, 0
1, 0, 1
1, 1, 1
1, 1, 1
0, 1, 0
1, 0, 2
0, 1, 0
0, 0, 0
0, 0, 0
0, 0, 0
1, 0, 1
0, 1, 0
0, 0, 0
0, 0, 0
0, 0, 0
0, 0, 1
0, 1, 0
1, 0, 1
0, 0, 0
0, 0, 0
0, 0, 1
0, 1, 0
1, 0, 1
0, 0, 0
0, 0, 0
0, 0, 1
0, 1, 0
1, 1, 1
1, 0, 1
0, 2, 0
2, 0, 2
0, 2, 0
1, 0, 1
0, 1, 1
1, 1, 1
0, 1, 0
1, 0, 2
0, 2, 0
2, 0, 1
0, 0, 0
0, 0, 0
0, 0, 1
0, 1, 0
1, 0, 0
0, 0, 0
0, 0, 0
0, 0, 0
0, 0, 0
1, 0, 1
0, 1, 0
0, 0, 0
0, 0, 0
0, 1, 0
2, 0, 2
0, 2, 0
2, 0, 1
0, 1, 0
1, 1, 1
1, 1, 1
1, 0, 1
0, 2, 0
2, 0, 2
0, 1, 0
1, 0, 1
1, 1, 1
1, 0, 1
0, 0, 0
0, 0, 1
0, 1, 0
1, 0, 1
0, 0, 0
0, 0, 0
0, 0, 1
0, 1, 0
1, 0, 1
0, 0, 0
0, 0, 0
0, 0, 1
0, 1, 0
1, 0, 1
0, 0, 0
0, 0, 0
0, 1, 0
0, 0, 0
0, 0, 0
0, 0, 0
0, 0, 1
0, 1, 0
1, 0, 0
0, 0, 0
0, 0, 0
0, 0, 0
0, 1, 0
1, 0, 1
0, 0, 0
0, 0, 0
0, 0, 0
0, 2, 0
2, 0, 2
0, 2, 0
1, 0, 1
1, 1, 1
1, 1, 1
0, 1, 0
2, 0, 2
0, 2, 0
1, 0, 1
0, 1, 0
1, 1, 1
1, 1, 0
1, 0, 1
0, 1, 0
1, 0, 1
0, 0, 0
0, 0, 0
0, 0, 1
0, 1, 0
1, 0, 0
0, 0, 0
0, 0, 0
0, 0, 1
0, 1, 0
1, 0, 1
0, 0, 0
0, 0, 0
0, 0, 1
0, 1, 0
1, 0, 1
0, 1, 0
0, 0, 0
0, 1, 1
1, 1, 1
1, 1, 0
1, 0, 1
0, 2, 0
2, 0, 2
0, 1, 0
1, 0, 1
1, 1, 1
1, 0, 1
0, 2, 0
2, 0, 2
0, 1, 0
1, 0, 0
0, 0, 1
0, 1, 0
1, 0, 0
0, 0, 0
0, 0, 0
0, 0, 1
0, 1, 0
1, 0, 1
0, 0, 0
0, 0, 0
0, 0, 1
0, 1, 0
1, 0, 1
0, 1, 0
1, 0, 1
1, 1, 1
1, 0, 1
0, 1, 0
2, 0, 2
0, 2, 0
1, 0, 1
0, 1, 1
1, 1, 1
0, 1, 0
1, 0, 1
0, 2, 0
2, 0, 2
0, 1, 0
1, 0, 0
1, 0, 1
0, 1, 0
0, 0, 0
0, 0, 0
0, 0, 0
1, 0, 1
0, 1, 0
0, 0, 0
0, 0, 0
0, 0, 0
1, 0, 1
0, 1, 0
0, 0, 0
0, 1, 0
1, 1, 0
1, 1, 1
1, 0, 1
0, 2, 0
2, 0, 2
0, 1, 0
1, 0, 1
1, 1, 1
1, 0, 1
0, 1, 0
2, 0, 2
0, 2, 0
1, 0, 0
0, 0, 1
0, 1, 0
1, 0, 1
0, 0, 0
0, 0, 0
0, 0, 1
0, 1, 0
1, 0, 1
0, 0, 0
0, 0, 0
0, 0, 1
0, 1, 0
1, 0, 1
0, 0, 0
0, 0, 0
0, 0, 1
0, 1, 0
1, 1, 1
1, 0, 1
0, 2, 0
2, 0, 2
0, 1, 0
1, 0, 1
1, 1, 1
1, 0, 1
0, 1, 0
2, 0, 2
0, 2, 0
1, 0, 1
0, 0, 1
0, 1, 0
1, 0, 0
0, 0, 0
0, 0, 0
0, 0, 1
0, 1, 0
1, 0, 1
0, 0, 0
0, 0, 0
0, 0, 0
0, 0, 0
2, 0, 2
0, 2, 0
1, 0, 1
0, 1, 1
1, 1, 1
0, 1, 0
1, 0, 1
0, 2, 0
2, 0, 2
0, 1, 0
1, 0, 1
1, 1, 1
1, 0, 1
0, 1, 0
2, 0, 2
0, 2, 0
0, 0, 0
0, 0, 0
0, 0, 0
0, 0, 1
0, 1, 0
1, 0, 1
0, 0, 0
0, 0, 0
0, 0, 1
0, 1, 0
1, 0, 0
0, 0, 0
0, 0, 0
0, 0, 0
0, 1, 0
2, 0, 2
0, 2, 0
1, 0, 1
0, 1, 1
1, 1, 1
0, 1, 0
1, 0, 1
0, 2, 0
2, 0, 2
0, 1, 0
1, 1, 0
1, 0, 1
0, 0, 0
0, 0, 0
0, 0, 0
0, 1, 0
1, 0, 1
0, 1, 0
0, 0, 0
0, 0, 0
0, 0, 0
1, 0, 1
0, 1, 0
1, 0, 0
0, 0, 0
0, 0, 0
1, 1, 1
23, 1, 0
1, 1, 1
1, 1, 0
1, 0, 1
0, 2, 0
2, 0, 2
0, 1, 0
1, 0, 1
1, 1, 1
1, 0, 1
0, 1, 0
2, 0, 2
0, 2, 0
1, 0, 1
0, 1, 1
1, 1, 0
1, 0, 0
0, 0, 0
0, 0, 0
1, 0, 1
0, 1, 0
1, 0, 0
0, 0, 0
0, 0, 0
0, 0, 1
0, 1, 0
2, 0, 1
0, 1, 0
1, 1, 1
1, 1, 0
1, 0, 1
0, 2, 0
2, 0, 2
0, 2, 0
1, 0, 1
0, 1, 1
1, 1, 1
0, 0, 0
1, 0, 1
0, 1, 0
1, 0, 1
0, 0, 0
0, 0, 0
0, 0, 1
0, 1, 0
1, 0, 1
0, 0, 0
0, 0, 0
0, 0, 0
0, 0, 0
1, 0, 1
0, 1, 0
0, 0, 0
0, 0, 0
0, 1, 0
2, 0, 2
0, 2, 0
1, 0, 1
0, 1, 1
1, 1, 1
0, 1, 0
1, 0, 2
0, 2, 0
2, 0, 2
0, 1, 0
1, 0, 1
1, 1, 1
1, 0, 1
0, 1, 0
2, 0, 1
0, 0, 0
0, 0, 0
0, 0, 1
0, 1, 0
1, 0, 1
0, 0, 0
0, 0, 0
0, 0, 1
0, 1, 0
1, 0, 1
0, 0, 0
0, 0, 0
0, 0, 1
0, 1, 0
1, 0, 0
0, 0, 0
0, 0, 0
0, 0, 1
0, 1, 0
1, 0, 0
0, 0, 0
0, 1, 0
1, 0, 2
0, 2, 0
2, 0, 1
0, 1, 0
1, 1, 1
1, 1, 1
1, 0, 1
0, 2, 0
2, 0, 2
0, 1, 0
1, 0, 1
1, 0, 1
0, 1, 0
0, 0, 0
0, 0, 0
0, 0, 0
1, 0, 1
0, 1, 0
1, 0, 0
0, 0, 0
0, 0, 0
0, 0, 1
0, 1, 0
1, 0, 1
0, 0, 0
1, 0, 0
1, 1, 1
1, 0, 1
0, 1, 0
2, 0, 2
0, 2, 0
1, 0, 1
0, 1, 0
1, 1, 1
1, 1, 0
1, 0, 1
0, 2, 0
2, 0, 2
0, 1, 0
1, 0, 1
1, 1, 1
1, 0, 1
0, 1, 0
2, 0, 2
0, 2, 0
1, 0, 1
0, 1, 1
1, 1, 1
0, 1, 0
1, 0, 0
0, 1, 0
1, 0, 1
0, 0, 0
0, 0, 0
0, 0, 1
0, 1, 0
1, 0, 1
0, 0, 0
0, 0, 0
0, 0, 1
0, 1, 0
1, 1, 0
1, 0, 1
0, 2, 0
2, 0, 2
0, 2, 0
1, 0, 1
1, 1, 1
1, 1, 1
0, 1, 0
2, 0, 2
0, 2, 0
1, 0, 1
0, 0, 1
0, 1, 0
1, 0, 1
0, 0, 0
0, 0, 0
0, 0, 1
0, 1, 0
1, 0, 1
0, 0, 0
0, 0, 0
0, 0, 0
0, 0, 0
1, 0, 1
0, 1, 0
2, 0, 0
0, 1, 0
1, 1, 1
1, 1, 1
1, 0, 1
0, 2, 0
2, 0, 2
0, 1, 0
1, 0, 1
1, 1, 1
1, 0, 1
0, 0, 0
1, 0, 1
0, 1, 0
1, 0, 1
0, 0, 0
0, 0, 0
0, 0, 1
0, 1, 0
1, 0, 0
0, 0, 0
0, 0, 0
1, 0, 1
0, 1, 0
0, 0, 0
0, 0, 0
0, 0, 0
1, 0, 2
0, 2, 0
2, 0, 1
0, 1, 0
1, 1, 1
1, 1, 0
1, 0, 1
0, 2, 0
2, 0, 2
0, 1, 0
1, 0, 1
1, 1, 1
1, 1, 1
0, 1, 0
2, 0, 2
0, 1, 0
1, 0, 0
0, 0, 0
0, 0, 0
1, 0, 1
0, 1, 0
0, 0, 0
0, 0, 0
0, 0, 0
0, 0, 1
0, 1, 0
1, 0, 1
0, 0, 0
0, 0, 0
0, 0, 1
0, 2, 0
2, 0, 1
0, 1, 0
1, 0, 1
1, 1, 1
1, 0, 1
0, 1, 0
2, 0, 2
0, 2, 0
1, 0, 1
0, 1, 1
1, 1, 1
0, 1, 0
1, 0, 2
0, 2, 0
2, 0, 1
0, 1, 0
1, 1, 1
1, 0, 0
0, 0, 0
0, 0, 0
0, 0, 1
0, 1, 0
1, 0, 0
0, 0, 0
0, 1, 0
2, 0, 2
0, 1, 0
1, 0, 1
1, 1, 1
1, 1, 1
0, 1, 0
1, 0, 2
0, 2, 0
1, 0, 1
0, 1, 1
1, 1, 1
0, 1, 0
1, 0, 1
0, 2, 0
2, 0, 2
0, 1, 0
1, 0, 0
1, 0, 1
0, 0, 0
0, 0, 0
0, 0, 0
0, 0, 0
0, 0, 1
0, 1, 0
1, 0, 1
0, 0, 0
0, 0, 0
0, 0, 0
0, 1, 0
2, 0, 2
0, 2, 0
1, 0, 1
0, 1, 1
1, 0, 2
0, 1, 0
1, 1, 1
1, 1, 0
1, 0, 1
0, 2, 0
2, 0, 2
0, 1, 0
1, 0, 1
1, 1, 1
1, 1, 1
0, 0, 0
2, 0, 1
0, 1, 0
0, 0, 0
0, 0, 0
0, 0, 0
0, 0, 1
0, 1, 0
1, 0, 1
0, 0, 0
0, 0, 0
0, 0, 1
0, 1, 1
1, 1, 0
1, 0, 1
0, 2, 0
2, 0, 2
0, 1, 0
1, 0, 1
1, 1, 1
1, 0, 1
0, 1, 0
2, 0, 2
0, 2, 0
1, 0, 1
0, 1, 1
1, 1, 1
0, 1, 0
1, 0, 1
0, 1, 0
2, 0, 1
0, 0, 0
0, 0, 0
0, 0, 1
0, 1, 0
1, 0, 1
0, 0, 0
0, 0, 0
0, 0, 1
0, 1, 0
1, 0, 0
0, 0, 1
0, 1, 0
2, 0, 2
0, 2, 0
2, 0, 1
0, 1, 0
1, 1, 1
1, 1, 0
1, 0, 1
0, 2, 0
2, 0, 2
0, 1, 0
1, 0, 1
1, 1, 1
1, 0, 1
0, 1, 0
2, 0, 2
0, 2, 0
1, 0, 0
0, 0, 1
0, 1, 0
1, 0, 0
0, 0, 0
0, 0, 0
0, 0, 1
0, 1, 0
1, 0, 0
0, 0, 0
0, 0, 0
0, 0, 0
0, 1, 0
1, 0, 1
0, 0, 0
0, 0, 0
0, 0, 0
1, 0, 1
1, 1, 1
1, 0, 1
0, 1, 0
2, 0, 2
0, 2, 0
1, 0, 1
0, 1, 1
1, 1, 1
0, 1, 0
1, 0, 2
0, 2, 0
2, 0, 1
0, 1, 0
1, 1, 1
1, 0, 0
0, 0, 0
0, 0, 0
0, 0, 1
0, 1, 0
1, 0, 0
0, 0, 0
0, 0, 0
0, 0, 1
0, 1, 0
2, 0, 1
0, 1, 0
1, 0, 1
1, 1, 1
1, 0, 1
0, 2, 0
2, 0, 2
0, 1, 0
1, 0, 1
1, 1, 1
1, 1, 1
0, 1, 0
2, 0, 2
0, 2, 0
1, 0, 1
0, 0, 0
0, 1, 0
1, 0, 1
0, 0, 0
0, 0, 0
0, 0, 0
0, 0, 0
1, 0, 1
0, 1, 0
0, 0, 0
0, 0, 0
0, 0, 0
0, 0, 1
0, 1, 0
1, 0, 1
0, 1, 0
1, 1, 1
1, 1, 1
1, 0, 1
0, 2, 0
2, 0, 2
0, 1, 0
1, 0, 5
0, 1, 1
1, 1, 1
0, 1, 0
1, 0, 2
0, 1, 0
1, 0, 1
0, 0, 0
0, 0, 0
1, 0, 1
0, 1, 0
0, 0, 0
0, 1, 0
1, 1, 1
1, 1, 1
1, 0, 1
0, 2, 0
2, 0, 2
0, 1, 0
1, 1, 1
1, 1, 0
1, 0, 1
0, 2, 0
2, 0, 2
0, 1, 0
1, 0, 1
1, 0, 1
1, 0, 1
1, 1, 1
1, 1, 1
0, 1, 0
2, 0, 2
0, 1, 0
1, 0, 0
0, 0, 0
0, 0, 0
1, 0, 1
0, 1, 0
0, 0, 0
0, 0, 0
0, 1, 0
1, 0, 1
0, 1, 0
0, 0, 0
0, 0, 0
0, 1, 0
1, 0, 1
1, 1, 1
1, 1, 1
0, 1, 0
2, 0, 2
0, 2, 0
1, 0, 1
0, 1, 1
1, 1, 1
1, 1, 0
1, 0, 1
0, 2, 0
2, 0, 2
0, 0, 0
1, 0, 0
0, 0, 1
0, 1, 0
1, 0, 0
0, 0, 0
0, 0, 0
0, 0, 1
0, 1, 0
1, 0, 1
0, 0, 0
0, 0, 0
0, 0, 0
0, 1, 0
2, 0, 2
0, 2, 0
1, 0, 1
0, 1, 1
1, 1, 1
0, 1, 0
1, 0, 1
0, 2, 0
2, 0, 2
0, 1, 0
1, 0, 1
1, 1, 1
1, 1, 1
0, 1, 0
2, 0, 2
0, 2, 0
1, 0, 1
0, 0, 1
0, 1, 0
1, 0, 1
0, 0, 0
0, 0, 0
0, 0, 0
0, 1, 0
1, 0, 1
0, 0, 0
0, 0, 0
0, 0, 0
0, 0, 0
1, 0, 1
0, 2, 0
2, 0, 1
0, 1, 0
1, 1, 1
1, 1, 0
1, 0, 1
0, 2, 0
2, 0, 2
0, 1, 0
1, 0, 1
1, 1, 1
1, 0, 0
0, 0, 0
0, 0, 0
0, 1, 0
1, 0, 1
0, 0, 0
0, 0, 0
0, 0, 0
0, 1, 0
1, 0, 1
0, 1, 0
0, 0, 0
0, 0, 1
0, 1, 0
1, 0, 1
0, 0, 1
0, 1, 0
2, 0, 2
0, 2, 0
1, 0, 1
0, 1, 1
1, 1, 1
0, 1, 0
1, 0, 2
0, 2, 0
2, 0, 2
0, 1, 0
1, 0, 1
1, 1, 1
1, 0, 1
0, 1, 0
2, 0, 2
0, 0, 0
1, 0, 0
0, 0, 1
1, 1, 0
1, 0, 0
0, 0, 0
0, 0, 0
0, 0, 1
0, 1, 0
1, 0, 1
0, 0, 0
0, 0, 0
0, 0, 1
0, 1, 0
1, 0, 1
0, 0, 0
0, 0, 0
0, 0, 1
1, 1, 1
1, 1, 0
1, 0, 1
0, 2, 0
2, 0, 2
0, 1, 0
1, 0, 1
1, 1, 1
1, 0, 1
0, 1, 0
2, 0, 2
0, 2, 0
1, 0, 0
0, 0, 0
0, 0, 0
0, 0, 1
0, 1, 0
1, 0, 1
0, 0, 0
0, 0, 0
0, 0, 1
0, 1, 0
1, 0, 1
0, 0, 0
0, 0, 0
0, 0, 1
0, 1, 0
1, 0, 1
0, 1, 0
1, 0, 1
1, 1, 1
1, 0, 1
0, 1, 0
2, 0, 2
0, 2, 0
1, 0, 1
0, 1, 1
1, 1, 1
0, 1, 0
1, 0, 1
0, 2, 0
2, 0, 2
0, 0, 0
0, 0, 0
0, 0, 1
0, 1, 0
1, 0, 1
0, 0, 0
0, 0, 0
0, 0, 1
0, 1, 0
1, 0, 1
0, 0, 0
0, 0, 0
0, 0, 0
0, 1, 0
1, 0, 1
0, 0, 0
0, 0, 0
0, 0, 0
1, 0, 0
1, 1, 1
1, 0, 1
0, 1, 0
2, 0, 2
0, 2, 0
1, 0, 1
0, 1, 1
1, 1, 1
0, 1, 0
1, 0, 2
0, 2, 0
2, 0, 1
0, 1, 0
1, 1, 1
1, 0, 0
1, 0, 1
0, 2, 0
2, 0, 2
0, 0, 0
1, 0, 0
1, 0, 1
0, 1, 0
1, 0, 0
0, 0, 0
0, 0, 0
0, 0, 1
0, 1, 0
1, 0, 0
0, 0, 0
0, 0, 0
0, 0, 1
0, 1, 0
1, 0, 1
0, 0, 0
1, 0, 1
1, 1, 1
1, 1, 1
0, 1, 0
1, 0, 2
0, 2, 0
2, 0, 1
0, 1, 0
1, 1, 1
1, 1, 0
1, 0, 0
0, 1, 0
1, 0, 1
0, 0, 0
0, 0, 0
0, 0, 0
0, 0, 0
1, 0, 1
0, 1, 0
0, 0, 0
0, 0, 0
0, 0, 0
1, 0, 1
0, 1, 0
0, 0, 0
0, 0, 0
0, 1, 0
2, 0, 2
0, 2, 0
1, 0, 1
0, 1, 1
1, 1, 1
0, 1, 0
1, 0, 1
0, 2, 0
2, 0, 2
0, 1, 0
1, 0, 1
1, 0, 1
0, 0, 0
0, 0, 0
0, 0, 0
0, 0, 0
0, 0, 1
0, 1, 0
1, 0, 0
0, 0, 0
0, 0, 0
0, 0, 1
0, 1, 0
1, 0, 1
0, 1, 0
1, 0, 0
0, 0, 0
0, 0, 0
0, 0, 1
0, 1, 0
1, 1, 1
1, 0, 0
0, 1, 0
1, 0, 1
0, 0, 0
0, 0, 0
0, 0, 1
0, 1, 0
1, 0, 1
0, 1, 0
1, 0, 1
1, 1, 1
1, 0, 1
0, 2, 0
2, 0, 2
0, 0, 0
0, 0, 0
0, 0, 1
0, 1, 0
1, 0, 0
0, 1, 0
1, 0, 1
1, 1, 1
1, 0, 1
0, 1, 0
2, 0, 2
0, 2, 0
1, 0, 1
0, 1, 1
1, 1, 1
0, 1, 0
1, 0, 2
0, 1, 0
0, 0, 0
0, 0, 1
0, 1, 0
1, 0, 0
0, 0, 0
0, 0, 0
0, 0, 1
1, 1, 1
0, 1, 0
1, 0, 1
0, 2, 0
2, 0, 6
0, 2, 0
1, 0, 1
1, 1, 0
0, 0, 0
0, 0, 1
0, 1, 0
1, 0, 1
0, 0, 0
0, 0, 0
0, 0, 1
0, 1, 0
2, 0, 1
0, 1, 0
1, 1, 1
1, 1, 1
1, 0, 1
0, 2, 0
2, 0, 2
0, 1, 0
1, 1, 1
1, 1, 0
1, 0, 1
0, 2, 0
2, 0, 2
0, 1, 0
1, 0, 0
1, 0, 1
0, 0, 0
0, 1, 0
1, 0, 1
0, 0, 0
0, 1, 0
2, 0, 2
0, 2, 0
1, 0, 1
0, 1, 0
1, 1, 1
1, 1, 0
1, 0, 1
0, 2, 0
2, 0, 2
0, 1, 0
1, 0, 1
1, 0, 1
0, 0, 0
0, 0, 0
0, 0, 0
0, 0, 0
1, 0, 1
0, 1, 0
0, 0, 0
0, 0, 0
0, 0, 0
1, 0, 1
0, 1, 0
1, 0, 1
1, 1, 1
1, 0, 1
0, 1, 0
1, 0, 2
0, 2, 0
2, 0, 1
0, 1, 0
1, 1, 1
1, 1, 0
1, 0, 1
0, 1, 0
2, 0, 1
0, 0, 0
0, 0, 0
0, 0, 1
0, 1, 0
1, 0, 1
0, 0, 0
0, 0, 0
0, 0, 1
0, 1, 0
1, 0, 1
0, 0, 0
0, 1, 0
2, 0, 2
0, 2, 0
1, 0, 1
0, 1, 1
1, 1, 1
0, 1, 0
1, 0, 1
0, 2, 0
2, 0, 2
0, 1, 0
1, 0, 1
1, 1, 1
1, 0, 1
0, 1, 0
2, 0, 1
0, 1, 0
0, 0, 0
0, 0, 0
0, 1, 0
1, 0, 1
0, 0, 0
0, 0, 0
0, 0, 0
0, 0, 0
1, 0, 1
0, 1, 0
0, 0, 0
0, 0, 0
0, 0, 0
0, 0, 1
0, 1, 0
1, 0, 0
0, 0, 0
0, 0, 0
0, 0, 1
0, 1, 0
1, 0, 1
1, 0, 1
0, 2, 0
2, 0, 2
0, 1, 0
1, 0, 1
1, 1, 1
1, 0, 1
0, 1, 0
2, 0, 2
0, 2, 0
1, 0, 1
0, 1, 1
1, 1, 1
0, 1, 0
1, 0, 1
0, 1, 0
1, 0, 0
0, 0, 0
0, 0, 0
0, 0, 1
0, 1, 0
1, 0, 1
0, 0, 0
0, 0, 0
0, 0, 1
0, 1, 0
1, 0, 1
0, 0, 0
0, 0, 0
0, 0, 1
0, 1, 0
1, 0, 1
0, 0, 0
0, 0, 0
0, 0, 1
0, 1, 0
1, 1, 0
1, 0, 1
0, 2, 0
2, 0, 2
0, 1, 0
1, 0, 1
1, 1, 1
1, 0, 1
26, 2, 0
1, 0, 1
1, 1, 1
1, 1, 1
0, 1, 0
2, 0, 2
0, 1, 0
0, 0, 0
0, 0, 0
0, 0, 0
0, 0, 1
0, 1, 0
1, 0, 1
0, 0, 0
0, 0, 0
0, 0, 1
0, 1, 0
1, 1, 1
1, 0, 1
0, 2, 0
2, 0, 2
0, 1, 0
1, 0, 1
1, 1, 1
1, 0, 1
0, 1, 0
2, 0, 2
0, 2, 0
1, 0, 1
1, 1, 1
1, 1, 1
0, 1, 0
2, 0, 1
0, 1, 0
0, 0, 0
0, 0, 0
0, 0, 0
0, 0, 1
0, 1, 0
1, 0, 0
0, 0, 0
0, 0, 0
0, 0, 0
0, 1, 0
1, 0, 1
0, 0, 0
0, 0, 0
0, 0, 0
0, 1, 0
2, 0, 2
0, 2, 0
1, 0, 1
0, 1, 1
1, 1, 1
0, 1, 0
1, 0, 2
0, 2, 0
2, 0, 1
0, 1, 0
1, 1, 1
1, 1, 1
1, 0, 0
0, 1, 0
1, 0, 1
0, 0, 0
0, 0, 0
0, 0, 0
0, 0, 0
0, 0, 1
0, 1, 0
1, 0, 0
0, 0, 0
0, 0, 0
0, 0, 1
0, 1, 0
1, 1, 1
1, 0, 1
0, 2, 0
2, 0, 2
0, 1, 0
1, 0, 1
1, 1, 1
1, 1, 1
0, 1, 0
2, 0, 2
0, 2, 0
1, 0, 0
0, 0, 0
0, 0, 0
0, 0, 1
0, 1, 0
1, 0, 0
0, 0, 0
0, 0, 0
0, 0, 0
0, 1, 0
1, 0, 1
0, 0, 0
0, 0, 0
0, 0, 0
0, 0, 0
2, 0, 2
0, 2, 0
1, 0, 1
0, 1, 0
1, 1, 1
1, 1, 0
1, 0, 1
0, 2, 0
2, 0, 2
0, 1, 0
1, 0, 1
1, 1, 1
1, 0, 1
0, 1, 0
2, 0, 2
